<?xml version='1.0' encoding='utf-8'?>
<gpx xmlns="http://www.topografix.com/GPX/1/1" xmlns:xsi="http://www.w3.org/2001/XMLSchema-instance" version="1.1" creator="YAMAP HAR extraction" xsi:schemaLocation="http://www.topografix.com/GPX/1/1 http://www.topografix.com/GPX/1/1/gpx.xsd"><metadata><name>乗鞍岳(白馬連峰)・船越の頭・小蓮華山（大日岳）・白馬岳</name><link href="https://yamap.com/activities/49796796" /></metadata><trk><name>乗鞍岳(白馬連峰)・船越の頭・小蓮華山（大日岳）・白馬岳</name><trkseg><trkpt lat="36.7738907" lon="137.8216483"><ele>1827.3107987</ele><time>2026-07-17T23:01:52Z</time></trkpt><trkpt lat="36.7740693" lon="137.8216186"><ele>1827.9946</ele><time>2026-07-17T23:02:37Z</time></trkpt><trkpt lat="36.7740512" lon="137.8213996"><ele>1830.5250367</ele><time>2026-07-17T23:03:00Z</time></trkpt><trkpt lat="36.7738785" lon="137.8213536"><ele>1832.1056193</ele><time>2026-07-17T23:03:41Z</time></trkpt><trkpt lat="36.7737558" lon="137.8211921"><ele>1833.5367082</ele><time>2026-07-17T23:04:03Z</time></trkpt><trkpt lat="36.7737663" lon="137.8209716"><ele>1836.4390316</ele><time>2026-07-17T23:04:21Z</time></trkpt><trkpt lat="36.7738043" lon="137.8207527"><ele>1838.2619079</ele><time>2026-07-17T23:04:39Z</time></trkpt><trkpt lat="36.773795" lon="137.8205294"><ele>1836.9043138</ele><time>2026-07-17T23:04:58Z</time></trkpt><trkpt lat="36.7738093" lon="137.8203064"><ele>1840.2512201</ele><time>2026-07-17T23:05:17Z</time></trkpt><trkpt lat="36.7738282" lon="137.8200836"><ele>1842.8681202</ele><time>2026-07-17T23:05:35Z</time></trkpt><trkpt lat="36.7738545" lon="137.819862"><ele>1843.3699251</ele><time>2026-07-17T23:05:53Z</time></trkpt><trkpt lat="36.7738897" lon="137.8196423"><ele>1843.2212999</ele><time>2026-07-17T23:06:12Z</time></trkpt><trkpt lat="36.7739104" lon="137.81942"><ele>1842.2295828</ele><time>2026-07-17T23:06:29Z</time></trkpt><trkpt lat="36.7738183" lon="137.8192411"><ele>1844.2320735</ele><time>2026-07-17T23:06:59Z</time></trkpt><trkpt lat="36.7736511" lon="137.8192269"><ele>1845.2656323</ele><time>2026-07-17T23:07:21Z</time></trkpt><trkpt lat="36.7734731" lon="137.8192039"><ele>1846.0648722</ele><time>2026-07-17T23:07:40Z</time></trkpt><trkpt lat="36.7733339" lon="137.8190755"><ele>1847.2659222</ele><time>2026-07-17T23:07:59Z</time></trkpt><trkpt lat="36.7733667" lon="137.8188963"><ele>1849.5477258</ele><time>2026-07-17T23:08:17Z</time></trkpt><trkpt lat="36.7734835" lon="137.8187266"><ele>1851.7813498</ele><time>2026-07-17T23:08:36Z</time></trkpt><trkpt lat="36.773612" lon="137.8185697"><ele>1852.9957632</ele><time>2026-07-17T23:08:56Z</time></trkpt><trkpt lat="36.7737345" lon="137.8184056"><ele>1853.81471</ele><time>2026-07-17T23:09:16Z</time></trkpt><trkpt lat="36.7738855" lon="137.8183842"><ele>1853.1207389</ele><time>2026-07-17T23:10:54Z</time></trkpt><trkpt lat="36.7740478" lon="137.8184791"><ele>1851.1341668</ele><time>2026-07-17T23:12:15Z</time></trkpt><trkpt lat="36.7741741" lon="137.8186324"><ele>1849.3495274</ele><time>2026-07-17T23:12:50Z</time></trkpt><trkpt lat="36.7742672" lon="137.8188234"><ele>1848.0594839</ele><time>2026-07-17T23:13:18Z</time></trkpt><trkpt lat="36.7744033" lon="137.818911"><ele>1849.0968121</ele><time>2026-07-17T23:13:42Z</time></trkpt><trkpt lat="36.7745753" lon="137.8188606"><ele>1852.268178</ele><time>2026-07-17T23:14:05Z</time></trkpt><trkpt lat="36.774747" lon="137.8188001"><ele>1855.4121629</ele><time>2026-07-17T23:14:27Z</time></trkpt><trkpt lat="36.7749156" lon="137.8188354"><ele>1858.9241058</ele><time>2026-07-17T23:14:54Z</time></trkpt><trkpt lat="36.7750446" lon="137.8189817"><ele>1866.5073022</ele><time>2026-07-17T23:15:46Z</time></trkpt><trkpt lat="36.77506" lon="137.8191768"><ele>1872.4784911</ele><time>2026-07-17T23:16:43Z</time></trkpt><trkpt lat="36.774985" lon="137.8193804"><ele>1872.7842546</ele><time>2026-07-17T23:17:13Z</time></trkpt><trkpt lat="36.7749932" lon="137.819572"><ele>1875.0541244</ele><time>2026-07-17T23:17:38Z</time></trkpt><trkpt lat="36.7751355" lon="137.8196739"><ele>1882.5950809</ele><time>2026-07-17T23:18:24Z</time></trkpt><trkpt lat="36.7753144" lon="137.819659"><ele>1893.9705343</ele><time>2026-07-17T23:19:42Z</time></trkpt><trkpt lat="36.7754902" lon="137.8196564"><ele>1903.5180742</ele><time>2026-07-17T23:21:13Z</time></trkpt><trkpt lat="36.7756385" lon="137.8196312"><ele>1909.2447272</ele><time>2026-07-17T23:22:22Z</time></trkpt><trkpt lat="36.7757362" lon="137.8194432"><ele>1912.6713851</ele><time>2026-07-17T23:22:57Z</time></trkpt><trkpt lat="36.7758111" lon="137.8192412"><ele>1914.6208043</ele><time>2026-07-17T23:23:39Z</time></trkpt><trkpt lat="36.775885" lon="137.819046"><ele>1917.8351876</ele><time>2026-07-17T23:24:24Z</time></trkpt><trkpt lat="36.7760259" lon="137.8189078"><ele>1922.2547577</ele><time>2026-07-17T23:24:58Z</time></trkpt><trkpt lat="36.7761755" lon="137.8187848"><ele>1925.1332055</ele><time>2026-07-17T23:25:31Z</time></trkpt><trkpt lat="36.776306" lon="137.8186304"><ele>1929.5089485</ele><time>2026-07-17T23:26:11Z</time></trkpt><trkpt lat="36.7764332" lon="137.8184717"><ele>1933.0773077</ele><time>2026-07-17T23:26:57Z</time></trkpt><trkpt lat="36.7765713" lon="137.818331"><ele>1936.5682202</ele><time>2026-07-17T23:27:48Z</time></trkpt><trkpt lat="36.7767303" lon="137.81823"><ele>1940.9085827</ele><time>2026-07-17T23:28:25Z</time></trkpt><trkpt lat="36.7768647" lon="137.8180816"><ele>1946.2332228</ele><time>2026-07-17T23:29:11Z</time></trkpt><trkpt lat="36.7770191" lon="137.8179687"><ele>1952.0503757</ele><time>2026-07-17T23:29:56Z</time></trkpt><trkpt lat="36.7771933" lon="137.8179207"><ele>1957.4615626</ele><time>2026-07-17T23:31:03Z</time></trkpt><trkpt lat="36.7773721" lon="137.8179481"><ele>1960.6259401</ele><time>2026-07-17T23:31:59Z</time></trkpt><trkpt lat="36.7775517" lon="137.8179596"><ele>1964.3458515</ele><time>2026-07-17T23:32:38Z</time></trkpt><trkpt lat="36.7777249" lon="137.8180209"><ele>1967.4983277</ele><time>2026-07-17T23:33:25Z</time></trkpt><trkpt lat="36.7778939" lon="137.8180348"><ele>1972.6058657</ele><time>2026-07-17T23:34:13Z</time></trkpt><trkpt lat="36.7779231" lon="137.8178142"><ele>1979.4584162</ele><time>2026-07-17T23:35:09Z</time></trkpt><trkpt lat="36.7778985" lon="137.8175933"><ele>1984.8393168</ele><time>2026-07-17T23:36:08Z</time></trkpt><trkpt lat="36.7777955" lon="137.8174106"><ele>1988.7871942</ele><time>2026-07-17T23:37:07Z</time></trkpt><trkpt lat="36.7777911" lon="137.8171867"><ele>1995.3884274</ele><time>2026-07-17T23:38:02Z</time></trkpt><trkpt lat="36.7777803" lon="137.8169634"><ele>2001.8585562</ele><time>2026-07-17T23:39:03Z</time></trkpt><trkpt lat="36.7778789" lon="137.8167758"><ele>2005.2648279</ele><time>2026-07-17T23:40:14Z</time></trkpt><trkpt lat="36.7780573" lon="137.8167958"><ele>2011.8360988</ele><time>2026-07-17T23:41:09Z</time></trkpt><trkpt lat="36.7782371" lon="137.8167827"><ele>2018.675367</ele><time>2026-07-17T23:44:45Z</time></trkpt><trkpt lat="36.7784119" lon="137.8168345"><ele>2023.9632477</ele><time>2026-07-17T23:45:42Z</time></trkpt><trkpt lat="36.7785898" lon="137.8168702"><ele>2028.2953783</ele><time>2026-07-17T23:46:34Z</time></trkpt><trkpt lat="36.778746" lon="137.8169787"><ele>2030.0502414</ele><time>2026-07-17T23:47:18Z</time></trkpt><trkpt lat="36.7789184" lon="137.8170396"><ele>2034.9720088</ele><time>2026-07-17T23:48:06Z</time></trkpt><trkpt lat="36.7789937" lon="137.8168633"><ele>2043.8760812</ele><time>2026-07-17T23:50:02Z</time></trkpt><trkpt lat="36.7789899" lon="137.8166419"><ele>2052.6860122</ele><time>2026-07-17T23:51:00Z</time></trkpt><trkpt lat="36.7788882" lon="137.8164642"><ele>2055.9833865</ele><time>2026-07-17T23:51:45Z</time></trkpt><trkpt lat="36.7787895" lon="137.8162774"><ele>2058.338129</ele><time>2026-07-17T23:52:34Z</time></trkpt><trkpt lat="36.7788642" lon="137.8161025"><ele>2065.9541223</ele><time>2026-07-17T23:53:28Z</time></trkpt><trkpt lat="36.7789346" lon="137.8158993"><ele>2073.2480138</ele><time>2026-07-17T23:57:27Z</time></trkpt><trkpt lat="36.7789595" lon="137.8156786"><ele>2079.0859508</ele><time>2026-07-17T23:59:12Z</time></trkpt><trkpt lat="36.7789916" lon="137.8154585"><ele>2086.357374</ele><time>2026-07-18T00:00:10Z</time></trkpt><trkpt lat="36.7790538" lon="137.815249"><ele>2093.0792755</ele><time>2026-07-18T00:01:05Z</time></trkpt><trkpt lat="36.7791611" lon="137.8150718"><ele>2100.7649558</ele><time>2026-07-18T00:02:04Z</time></trkpt><trkpt lat="36.7793228" lon="137.8150594"><ele>2108.9351084</ele><time>2026-07-18T00:03:03Z</time></trkpt><trkpt lat="36.7794791" lon="137.8151632"><ele>2114.845791</ele><time>2026-07-18T00:04:14Z</time></trkpt><trkpt lat="36.7796265" lon="137.8152921"><ele>2118.8581454</ele><time>2026-07-18T00:05:03Z</time></trkpt><trkpt lat="36.7797947" lon="137.8153589"><ele>2122.6872132</ele><time>2026-07-18T00:05:41Z</time></trkpt><trkpt lat="36.7799722" lon="137.8153974"><ele>2126.4078005</ele><time>2026-07-18T00:06:20Z</time></trkpt><trkpt lat="36.7801515" lon="137.8154103"><ele>2130.296835</ele><time>2026-07-18T00:07:03Z</time></trkpt><trkpt lat="36.7803301" lon="137.815386"><ele>2134.4130116</ele><time>2026-07-18T00:07:45Z</time></trkpt><trkpt lat="36.7804701" lon="137.8152681"><ele>2137.9406052</ele><time>2026-07-18T00:08:27Z</time></trkpt><trkpt lat="36.7805643" lon="137.8150787"><ele>2141.7966888</ele><time>2026-07-18T00:09:06Z</time></trkpt><trkpt lat="36.7806459" lon="137.8148789"><ele>2146.611427</ele><time>2026-07-18T00:09:41Z</time></trkpt><trkpt lat="36.780749" lon="137.8146973"><ele>2151.8435918</ele><time>2026-07-18T00:10:20Z</time></trkpt><trkpt lat="36.7809013" lon="137.8146284"><ele>2156.2611042</ele><time>2026-07-18T00:10:58Z</time></trkpt><trkpt lat="36.7810812" lon="137.8146421"><ele>2159.4773038</ele><time>2026-07-18T00:11:37Z</time></trkpt><trkpt lat="36.7812582" lon="137.8146193"><ele>2163.2864318</ele><time>2026-07-18T00:12:21Z</time></trkpt><trkpt lat="36.7813942" lon="137.8144963"><ele>2168.0783499</ele><time>2026-07-18T00:13:04Z</time></trkpt><trkpt lat="36.7814433" lon="137.8144023"><ele>2170.5233838</ele><time>2026-07-18T00:13:24Z</time></trkpt><trkpt lat="36.7815453" lon="137.8142138"><ele>2174.8274825</ele><time>2026-07-18T00:22:11Z</time></trkpt><trkpt lat="36.7815805" lon="137.8139941"><ele>2178.9406834</ele><time>2026-07-18T00:23:36Z</time></trkpt><trkpt lat="36.7815957" lon="137.8137709"><ele>2184.6463784</ele><time>2026-07-18T00:24:29Z</time></trkpt><trkpt lat="36.7816946" lon="137.8135845"><ele>2190.8198498</ele><time>2026-07-18T00:25:05Z</time></trkpt><trkpt lat="36.7817169" lon="137.8133635"><ele>2193.8524629</ele><time>2026-07-18T00:25:46Z</time></trkpt><trkpt lat="36.7818305" lon="137.8131926"><ele>2196.7437701</ele><time>2026-07-18T00:26:13Z</time></trkpt><trkpt lat="36.7819749" lon="137.8130593"><ele>2197.9017534</ele><time>2026-07-18T00:26:36Z</time></trkpt><trkpt lat="36.7821031" lon="137.8129024"><ele>2196.9421398</ele><time>2026-07-18T00:27:27Z</time></trkpt><trkpt lat="36.7820721" lon="137.8126956"><ele>2196.8029339</ele><time>2026-07-18T00:30:27Z</time></trkpt><trkpt lat="36.7820346" lon="137.8124767"><ele>2197.4129435</ele><time>2026-07-18T00:31:19Z</time></trkpt><trkpt lat="36.7820377" lon="137.8122538"><ele>2197.9339654</ele><time>2026-07-18T00:31:41Z</time></trkpt><trkpt lat="36.7820505" lon="137.8120304"><ele>2197.9704269</ele><time>2026-07-18T00:32:00Z</time></trkpt><trkpt lat="36.7820792" lon="137.8118094"><ele>2197.6637595</ele><time>2026-07-18T00:32:20Z</time></trkpt><trkpt lat="36.7821246" lon="137.8115928"><ele>2197.4005645</ele><time>2026-07-18T00:32:39Z</time></trkpt><trkpt lat="36.7822467" lon="137.8114425"><ele>2198.1906132</ele><time>2026-07-18T00:33:05Z</time></trkpt><trkpt lat="36.7824016" lon="137.8113285"><ele>2199.8856828</ele><time>2026-07-18T00:33:29Z</time></trkpt><trkpt lat="36.7825572" lon="137.8112154"><ele>2201.6970865</ele><time>2026-07-18T00:33:57Z</time></trkpt><trkpt lat="36.7826909" lon="137.8110682"><ele>2203.0220222</ele><time>2026-07-18T00:34:23Z</time></trkpt><trkpt lat="36.7827563" lon="137.8108676"><ele>2203.9932132</ele><time>2026-07-18T00:34:43Z</time></trkpt><trkpt lat="36.7828676" lon="137.8107154"><ele>2203.794446</ele><time>2026-07-18T00:35:26Z</time></trkpt><trkpt lat="36.7829861" lon="137.8105558"><ele>2204.0605549</ele><time>2026-07-18T00:36:08Z</time></trkpt><trkpt lat="36.7830485" lon="137.810349"><ele>2205.5988114</ele><time>2026-07-18T00:36:37Z</time></trkpt><trkpt lat="36.7830909" lon="137.8101313"><ele>2207.1993438</ele><time>2026-07-18T00:37:09Z</time></trkpt><trkpt lat="36.7831399" lon="137.8099157"><ele>2208.8414494</ele><time>2026-07-18T00:37:52Z</time></trkpt><trkpt lat="36.7831335" lon="137.8097033"><ele>2212.2153466</ele><time>2026-07-18T00:38:41Z</time></trkpt><trkpt lat="36.7830723" lon="137.8094926"><ele>2217.3170329</ele><time>2026-07-18T00:39:29Z</time></trkpt><trkpt lat="36.7830356" lon="137.809275"><ele>2223.1243137</ele><time>2026-07-18T00:40:48Z</time></trkpt><trkpt lat="36.7830707" lon="137.8090652"><ele>2229.0678263</ele><time>2026-07-18T00:42:16Z</time></trkpt><trkpt lat="36.7831238" lon="137.8088569"><ele>2235.9732721</ele><time>2026-07-18T00:43:15Z</time></trkpt><trkpt lat="36.7831475" lon="137.8086353"><ele>2243.4938972</ele><time>2026-07-18T00:45:06Z</time></trkpt><trkpt lat="36.7831586" lon="137.8084144"><ele>2250.8662799</ele><time>2026-07-18T00:48:57Z</time></trkpt><trkpt lat="36.7831728" lon="137.8081963"><ele>2258.3270989</ele><time>2026-07-18T00:52:05Z</time></trkpt><trkpt lat="36.783212" lon="137.8079791"><ele>2267.5462302</ele><time>2026-07-18T00:53:15Z</time></trkpt><trkpt lat="36.7832502" lon="137.8077625"><ele>2277.5220758</ele><time>2026-07-18T00:54:45Z</time></trkpt><trkpt lat="36.7832881" lon="137.807548"><ele>2285.3570889</ele><time>2026-07-18T00:56:40Z</time></trkpt><trkpt lat="36.7833026" lon="137.8073262"><ele>2293.5046107</ele><time>2026-07-18T00:59:14Z</time></trkpt><trkpt lat="36.7833053" lon="137.8071096"><ele>2303.4589501</ele><time>2026-07-18T01:01:59Z</time></trkpt><trkpt lat="36.783268" lon="137.8068918"><ele>2314.5982014</ele><time>2026-07-18T01:04:12Z</time></trkpt><trkpt lat="36.7832508" lon="137.8066688"><ele>2324.1822575</ele><time>2026-07-18T01:06:37Z</time></trkpt><trkpt lat="36.783207" lon="137.806454"><ele>2336.8085346</ele><time>2026-07-18T01:09:41Z</time></trkpt><trkpt lat="36.7831423" lon="137.8062457"><ele>2350.1946072</ele><time>2026-07-18T01:12:25Z</time></trkpt><trkpt lat="36.783113" lon="137.8061116"><ele>2356.3323272</ele><time>2026-07-18T01:13:26Z</time></trkpt><trkpt lat="36.7830138" lon="137.8059233"><ele>2368.2615054</ele><time>2026-07-18T01:25:05Z</time></trkpt><trkpt lat="36.7828762" lon="137.8057787"><ele>2373.2406059</ele><time>2026-07-18T01:27:34Z</time></trkpt><trkpt lat="36.7827745" lon="137.805594"><ele>2377.8287697</ele><time>2026-07-18T01:28:58Z</time></trkpt><trkpt lat="36.7826317" lon="137.8054579"><ele>2382.2763536</ele><time>2026-07-18T01:30:09Z</time></trkpt><trkpt lat="36.7825829" lon="137.805245"><ele>2385.2794817</ele><time>2026-07-18T01:30:48Z</time></trkpt><trkpt lat="36.7826172" lon="137.8050265"><ele>2390.4576689</ele><time>2026-07-18T01:31:47Z</time></trkpt><trkpt lat="36.7827002" lon="137.8048282"><ele>2398.6914813</ele><time>2026-07-18T01:32:59Z</time></trkpt><trkpt lat="36.7827524" lon="137.8046142"><ele>2410.5285796</ele><time>2026-07-18T01:34:23Z</time></trkpt><trkpt lat="36.7829198" lon="137.8045632"><ele>2420.2607034</ele><time>2026-07-18T01:37:52Z</time></trkpt><trkpt lat="36.7830724" lon="137.8044469"><ele>2428.4784586</ele><time>2026-07-18T01:39:03Z</time></trkpt><trkpt lat="36.7831667" lon="137.8042585"><ele>2434.2013702</ele><time>2026-07-18T01:40:14Z</time></trkpt><trkpt lat="36.7832259" lon="137.8040473"><ele>2438.361181</ele><time>2026-07-18T01:40:59Z</time></trkpt><trkpt lat="36.7831245" lon="137.8038768"><ele>2440.4091912</ele><time>2026-07-18T01:41:36Z</time></trkpt><trkpt lat="36.7830028" lon="137.8037115"><ele>2441.5739332</ele><time>2026-07-18T01:42:16Z</time></trkpt><trkpt lat="36.7829143" lon="137.8035174"><ele>2442.6863586</ele><time>2026-07-18T01:43:09Z</time></trkpt><trkpt lat="36.7828633" lon="137.8033032"><ele>2443.9102834</ele><time>2026-07-18T01:44:01Z</time></trkpt><trkpt lat="36.7827951" lon="137.8030962"><ele>2444.764178</ele><time>2026-07-18T01:44:35Z</time></trkpt><trkpt lat="36.7827464" lon="137.8028812"><ele>2445.1281461</ele><time>2026-07-18T01:45:04Z</time></trkpt><trkpt lat="36.7827171" lon="137.8026603"><ele>2445.2563457</ele><time>2026-07-18T01:45:36Z</time></trkpt><trkpt lat="36.7826689" lon="137.8024451"><ele>2445.6847455</ele><time>2026-07-18T01:46:10Z</time></trkpt><trkpt lat="36.7826434" lon="137.8022245"><ele>2446.3493473</ele><time>2026-07-18T01:46:40Z</time></trkpt><trkpt lat="36.7826238" lon="137.8020018"><ele>2447.2961904</ele><time>2026-07-18T01:47:15Z</time></trkpt><trkpt lat="36.7825446" lon="137.8017225"><ele>2449.4947865</ele><time>2026-07-18T01:48:04Z</time></trkpt><trkpt lat="36.7824909" lon="137.8015045"><ele>2449.7908703</ele><time>2026-07-18T02:00:05Z</time></trkpt><trkpt lat="36.7825718" lon="137.8013042"><ele>2448.8669215</ele><time>2026-07-18T02:00:50Z</time></trkpt><trkpt lat="36.7826428" lon="137.8010983"><ele>2447.6471189</ele><time>2026-07-18T02:01:24Z</time></trkpt><trkpt lat="36.7827269" lon="137.8009002"><ele>2446.1998852</ele><time>2026-07-18T02:01:57Z</time></trkpt><trkpt lat="36.7828815" lon="137.8007925"><ele>2444.4023477</ele><time>2026-07-18T02:02:29Z</time></trkpt><trkpt lat="36.7830326" lon="137.8006708"><ele>2442.4446763</ele><time>2026-07-18T02:03:05Z</time></trkpt><trkpt lat="36.7831258" lon="137.8004825"><ele>2440.9207339</ele><time>2026-07-18T02:03:46Z</time></trkpt><trkpt lat="36.7832737" lon="137.8003623"><ele>2438.1009615</ele><time>2026-07-18T02:05:00Z</time></trkpt><trkpt lat="36.7834174" lon="137.8002276"><ele>2434.4047223</ele><time>2026-07-18T02:05:43Z</time></trkpt><trkpt lat="36.7835569" lon="137.8000858"><ele>2430.5151172</ele><time>2026-07-18T02:06:26Z</time></trkpt><trkpt lat="36.7837135" lon="137.7999764"><ele>2426.2099196</ele><time>2026-07-18T02:07:03Z</time></trkpt><trkpt lat="36.7838753" lon="137.7998779"><ele>2421.8017665</ele><time>2026-07-18T02:07:41Z</time></trkpt><trkpt lat="36.7840501" lon="137.7998296"><ele>2417.3032152</ele><time>2026-07-18T02:08:31Z</time></trkpt><trkpt lat="36.7842119" lon="137.7997359"><ele>2412.7814723</ele><time>2026-07-18T02:09:24Z</time></trkpt><trkpt lat="36.7843609" lon="137.7996103"><ele>2406.7301444</ele><time>2026-07-18T02:10:10Z</time></trkpt><trkpt lat="36.7845288" lon="137.7995386"><ele>2407.1660603</ele><time>2026-07-18T02:10:54Z</time></trkpt><trkpt lat="36.7847075" lon="137.7995146"><ele>2411.1476343</ele><time>2026-07-18T02:11:38Z</time></trkpt><trkpt lat="36.7848786" lon="137.7994535"><ele>2411.1553424</ele><time>2026-07-18T02:12:57Z</time></trkpt><trkpt lat="36.7850414" lon="137.7993578"><ele>2408.6665439</ele><time>2026-07-18T02:13:55Z</time></trkpt><trkpt lat="36.785203" lon="137.7992585"><ele>2405.5065381</ele><time>2026-07-18T02:14:36Z</time></trkpt><trkpt lat="36.7853611" lon="137.7991512"><ele>2402.101334</ele><time>2026-07-18T02:15:27Z</time></trkpt><trkpt lat="36.7855114" lon="137.799028"><ele>2397.5395741</ele><time>2026-07-18T02:16:29Z</time></trkpt><trkpt lat="36.7856744" lon="137.7989401"><ele>2393.1191771</ele><time>2026-07-18T02:17:16Z</time></trkpt><trkpt lat="36.785842" lon="137.7988598"><ele>2389.581925</ele><time>2026-07-18T02:17:54Z</time></trkpt><trkpt lat="36.7859947" lon="137.7987429"><ele>2384.8749123</ele><time>2026-07-18T02:18:44Z</time></trkpt><trkpt lat="36.7861171" lon="137.7985822"><ele>2380.8364408</ele><time>2026-07-18T02:19:39Z</time></trkpt><trkpt lat="36.7861894" lon="137.7983808"><ele>2379.6349886</ele><time>2026-07-18T02:20:25Z</time></trkpt><trkpt lat="36.7862321" lon="137.7981632"><ele>2379.6962922</ele><time>2026-07-18T02:21:08Z</time></trkpt><trkpt lat="36.7862673" lon="137.7979435"><ele>2379.9400397</ele><time>2026-07-18T02:21:59Z</time></trkpt><trkpt lat="36.7862791" lon="137.7977213"><ele>2379.992727</ele><time>2026-07-18T02:22:44Z</time></trkpt><trkpt lat="36.786255" lon="137.7975003"><ele>2380.1492031</ele><time>2026-07-18T02:23:15Z</time></trkpt><trkpt lat="36.786213" lon="137.7972824"><ele>2380.6301568</ele><time>2026-07-18T02:24:09Z</time></trkpt><trkpt lat="36.7862224" lon="137.7970691"><ele>2381.1943342</ele><time>2026-07-18T02:25:12Z</time></trkpt><trkpt lat="36.7862913" lon="137.7968621"><ele>2381.7128952</ele><time>2026-07-18T02:25:49Z</time></trkpt><trkpt lat="36.7863752" lon="137.7966647"><ele>2381.0451531</ele><time>2026-07-18T02:26:25Z</time></trkpt><trkpt lat="36.7864804" lon="137.7964831"><ele>2379.4504877</ele><time>2026-07-18T02:27:05Z</time></trkpt><trkpt lat="36.786603" lon="137.79632"><ele>2377.8466631</ele><time>2026-07-18T02:27:49Z</time></trkpt><trkpt lat="36.7867259" lon="137.7961588"><ele>2375.8451642</ele><time>2026-07-18T02:28:27Z</time></trkpt><trkpt lat="36.7867787" lon="137.7959601"><ele>2373.7557939</ele><time>2026-07-18T02:29:01Z</time></trkpt><trkpt lat="36.7867454" lon="137.7957399"><ele>2374.325209</ele><time>2026-07-18T02:29:55Z</time></trkpt><trkpt lat="36.7867221" lon="137.7955185"><ele>2377.2792699</ele><time>2026-07-18T02:30:56Z</time></trkpt><trkpt lat="36.7867041" lon="137.7952977"><ele>2379.2183195</ele><time>2026-07-18T02:31:24Z</time></trkpt><trkpt lat="36.7866333" lon="137.7950946"><ele>2380.116714</ele><time>2026-07-18T02:31:55Z</time></trkpt><trkpt lat="36.7865567" lon="137.7949691"><ele>2380.5202475</ele><time>2026-07-18T02:32:23Z</time></trkpt><trkpt lat="36.7863768" lon="137.7949828"><ele>2379.38</ele><time>2026-07-18T02:41:21Z</time></trkpt><trkpt lat="36.7862039" lon="137.7950695"><ele>2378.03</ele><time>2026-07-18T02:41:39Z</time></trkpt><trkpt lat="36.7863836" lon="137.7950958"><ele>2378.41</ele><time>2026-07-18T02:43:54Z</time></trkpt><trkpt lat="36.7865475" lon="137.7952069"><ele>2378.48</ele><time>2026-07-18T02:45:10Z</time></trkpt><trkpt lat="36.7865472" lon="137.7949716"><ele>2380.45</ele><time>2026-07-18T02:45:51Z</time></trkpt><trkpt lat="36.7865255" lon="137.7947444"><ele>2382.2464831</ele><time>2026-07-18T02:56:52Z</time></trkpt><trkpt lat="36.7864857" lon="137.7945259"><ele>2383.359961</ele><time>2026-07-18T02:57:14Z</time></trkpt><trkpt lat="36.7864166" lon="137.7943191"><ele>2385.042044</ele><time>2026-07-18T02:57:43Z</time></trkpt><trkpt lat="36.7863517" lon="137.7941101"><ele>2387.2428608</ele><time>2026-07-18T02:58:09Z</time></trkpt><trkpt lat="36.7862479" lon="137.7939274"><ele>2388.9056013</ele><time>2026-07-18T02:58:38Z</time></trkpt><trkpt lat="36.7860953" lon="137.793811"><ele>2390.3117998</ele><time>2026-07-18T02:59:12Z</time></trkpt><trkpt lat="36.7859321" lon="137.7937162"><ele>2393.5594442</ele><time>2026-07-18T02:59:43Z</time></trkpt><trkpt lat="36.7857627" lon="137.7936401"><ele>2397.5528841</ele><time>2026-07-18T03:01:00Z</time></trkpt><trkpt lat="36.7855853" lon="137.7936029"><ele>2400.9594748</ele><time>2026-07-18T03:01:44Z</time></trkpt><trkpt lat="36.7854067" lon="137.7935726"><ele>2405.0624919</ele><time>2026-07-18T03:02:17Z</time></trkpt><trkpt lat="36.7852292" lon="137.7935341"><ele>2409.6345476</ele><time>2026-07-18T03:02:52Z</time></trkpt><trkpt lat="36.7850925" lon="137.7933969"><ele>2415.4156119</ele><time>2026-07-18T03:03:32Z</time></trkpt><trkpt lat="36.7849296" lon="137.7933099"><ele>2421.2387421</ele><time>2026-07-18T03:04:09Z</time></trkpt><trkpt lat="36.7847602" lon="137.7932334"><ele>2426.6325569</ele><time>2026-07-18T03:04:45Z</time></trkpt><trkpt lat="36.7847263" lon="137.7930418"><ele>2431.2645309</ele><time>2026-07-18T03:05:53Z</time></trkpt><trkpt lat="36.7846468" lon="137.7928508"><ele>2434.7018584</ele><time>2026-07-18T03:06:53Z</time></trkpt><trkpt lat="36.7844994" lon="137.7927303"><ele>2436.6829314</ele><time>2026-07-18T03:07:39Z</time></trkpt><trkpt lat="36.7843274" lon="137.7926681"><ele>2436.1783134</ele><time>2026-07-18T03:08:18Z</time></trkpt><trkpt lat="36.7841575" lon="137.792595"><ele>2433.4756751</ele><time>2026-07-18T03:09:13Z</time></trkpt><trkpt lat="36.7839908" lon="137.79251"><ele>2431.4858692</ele><time>2026-07-18T03:09:48Z</time></trkpt><trkpt lat="36.7838321" lon="137.7924048"><ele>2431.3310582</ele><time>2026-07-18T03:10:14Z</time></trkpt><trkpt lat="36.7836626" lon="137.7923364"><ele>2433.1029743</ele><time>2026-07-18T03:10:38Z</time></trkpt><trkpt lat="36.7834889" lon="137.7922769"><ele>2435.6191426</ele><time>2026-07-18T03:10:59Z</time></trkpt><trkpt lat="36.7833201" lon="137.7921991"><ele>2437.2452956</ele><time>2026-07-18T03:11:25Z</time></trkpt><trkpt lat="36.783145" lon="137.7921659"><ele>2440.472027</ele><time>2026-07-18T03:11:56Z</time></trkpt><trkpt lat="36.7829673" lon="137.7921943"><ele>2444.7624536</ele><time>2026-07-18T03:12:33Z</time></trkpt><trkpt lat="36.7827889" lon="137.792217"><ele>2448.7148473</ele><time>2026-07-18T03:13:09Z</time></trkpt><trkpt lat="36.7826157" lon="137.792173"><ele>2452.0021907</ele><time>2026-07-18T03:13:41Z</time></trkpt><trkpt lat="36.7824564" lon="137.7920703"><ele>2453.7686149</ele><time>2026-07-18T03:14:12Z</time></trkpt><trkpt lat="36.7822896" lon="137.7920271"><ele>2455.5820284</ele><time>2026-07-18T03:14:39Z</time></trkpt><trkpt lat="36.7821113" lon="137.7920166"><ele>2457.8524596</ele><time>2026-07-18T03:15:04Z</time></trkpt><trkpt lat="36.7819342" lon="137.7919753"><ele>2460.1720995</ele><time>2026-07-18T03:15:30Z</time></trkpt><trkpt lat="36.7817618" lon="137.7919127"><ele>2462.30981</ele><time>2026-07-18T03:15:56Z</time></trkpt><trkpt lat="36.7816062" lon="137.791804"><ele>2463.9023191</ele><time>2026-07-18T03:16:24Z</time></trkpt><trkpt lat="36.7814441" lon="137.7917395"><ele>2467.313413</ele><time>2026-07-18T03:16:57Z</time></trkpt><trkpt lat="36.7812781" lon="137.7916839"><ele>2471.0428059</ele><time>2026-07-18T03:17:32Z</time></trkpt><trkpt lat="36.7811327" lon="137.7915521"><ele>2473.5543615</ele><time>2026-07-18T03:18:06Z</time></trkpt><trkpt lat="36.7809758" lon="137.7914826"><ele>2478.0533535</ele><time>2026-07-18T03:18:40Z</time></trkpt><trkpt lat="36.7808" lon="137.7915265"><ele>2483.8189494</ele><time>2026-07-18T03:19:19Z</time></trkpt><trkpt lat="36.7806312" lon="137.7916044"><ele>2489.183771</ele><time>2026-07-18T03:20:23Z</time></trkpt><trkpt lat="36.7804774" lon="137.791596"><ele>2494.0400676</ele><time>2026-07-18T03:21:33Z</time></trkpt><trkpt lat="36.7803253" lon="137.7915276"><ele>2498.434437</ele><time>2026-07-18T03:22:11Z</time></trkpt><trkpt lat="36.7801493" lon="137.7915435"><ele>2504.9239667</ele><time>2026-07-18T03:23:19Z</time></trkpt><trkpt lat="36.7799711" lon="137.7915119"><ele>2513.4283874</ele><time>2026-07-18T03:24:46Z</time></trkpt><trkpt lat="36.7798139" lon="137.7914402"><ele>2518.9770172</ele><time>2026-07-18T03:25:39Z</time></trkpt><trkpt lat="36.7796784" lon="137.7913522"><ele>2523.0008827</ele><time>2026-07-18T03:26:23Z</time></trkpt><trkpt lat="36.7795086" lon="137.7913758"><ele>2528.964172</ele><time>2026-07-18T03:27:12Z</time></trkpt><trkpt lat="36.7793447" lon="137.7912848"><ele>2533.5469796</ele><time>2026-07-18T03:28:32Z</time></trkpt><trkpt lat="36.7792095" lon="137.7911443"><ele>2536.6916161</ele><time>2026-07-18T03:30:29Z</time></trkpt><trkpt lat="36.7791011" lon="137.7909692"><ele>2540.2644635</ele><time>2026-07-18T03:30:58Z</time></trkpt><trkpt lat="36.7789488" lon="137.7908573"><ele>2548.7825359</ele><time>2026-07-18T03:31:56Z</time></trkpt><trkpt lat="36.7787924" lon="137.7907686"><ele>2557.0093136</ele><time>2026-07-18T03:33:20Z</time></trkpt><trkpt lat="36.7786803" lon="137.7905932"><ele>2561.1509449</ele><time>2026-07-18T03:34:01Z</time></trkpt><trkpt lat="36.7785842" lon="137.7904087"><ele>2565.236148</ele><time>2026-07-18T03:34:51Z</time></trkpt><trkpt lat="36.7785349" lon="137.7901935"><ele>2567.4018035</ele><time>2026-07-18T03:35:20Z</time></trkpt><trkpt lat="36.7784517" lon="137.7900062"><ele>2572.3206964</ele><time>2026-07-18T03:35:57Z</time></trkpt><trkpt lat="36.7782925" lon="137.7899014"><ele>2579.9259328</ele><time>2026-07-18T03:36:50Z</time></trkpt><trkpt lat="36.7781348" lon="137.7897933"><ele>2583.9242631</ele><time>2026-07-18T03:37:36Z</time></trkpt><trkpt lat="36.7779716" lon="137.7896988"><ele>2585.4584048</ele><time>2026-07-18T03:38:07Z</time></trkpt><trkpt lat="36.7778175" lon="137.7895828"><ele>2584.7574318</ele><time>2026-07-18T03:38:42Z</time></trkpt><trkpt lat="36.777676" lon="137.7894477"><ele>2583.1778538</ele><time>2026-07-18T03:39:50Z</time></trkpt><trkpt lat="36.7775757" lon="137.789264"><ele>2585.0959317</ele><time>2026-07-18T03:40:13Z</time></trkpt><trkpt lat="36.7774302" lon="137.7891326"><ele>2589.4472221</ele><time>2026-07-18T03:40:46Z</time></trkpt><trkpt lat="36.7773075" lon="137.788969"><ele>2591.6494242</ele><time>2026-07-18T03:41:20Z</time></trkpt><trkpt lat="36.7772109" lon="137.7887801"><ele>2591.9398647</ele><time>2026-07-18T03:41:52Z</time></trkpt><trkpt lat="36.7771505" lon="137.7885691"><ele>2591.2694952</ele><time>2026-07-18T03:42:18Z</time></trkpt><trkpt lat="36.7770997" lon="137.7883541"><ele>2592.5365773</ele><time>2026-07-18T03:42:43Z</time></trkpt><trkpt lat="36.7770631" lon="137.788136"><ele>2596.6839389</ele><time>2026-07-18T03:43:12Z</time></trkpt><trkpt lat="36.7769212" lon="137.7879905"><ele>2603.6486246</ele><time>2026-07-18T03:44:13Z</time></trkpt><trkpt lat="36.7767434" lon="137.7879268"><ele>2606.6121713</ele><time>2026-07-18T03:52:52Z</time></trkpt><trkpt lat="36.7766219" lon="137.7877614"><ele>2603.7420164</ele><time>2026-07-18T03:53:52Z</time></trkpt><trkpt lat="36.7765174" lon="137.7875788"><ele>2599.9014628</ele><time>2026-07-18T03:54:54Z</time></trkpt><trkpt lat="36.7763735" lon="137.7874442"><ele>2590.3324693</ele><time>2026-07-18T03:55:34Z</time></trkpt><trkpt lat="36.7762512" lon="137.7872798"><ele>2583.2861257</ele><time>2026-07-18T03:56:02Z</time></trkpt><trkpt lat="36.7761208" lon="137.7871252"><ele>2579.0615163</ele><time>2026-07-18T03:56:26Z</time></trkpt><trkpt lat="36.7759694" lon="137.7870042"><ele>2579.2839486</ele><time>2026-07-18T03:56:53Z</time></trkpt><trkpt lat="36.7759098" lon="137.786798"><ele>2577.6659255</ele><time>2026-07-18T03:57:18Z</time></trkpt><trkpt lat="36.7757863" lon="137.7866409"><ele>2580.9968892</ele><time>2026-07-18T03:58:15Z</time></trkpt><trkpt lat="36.7757192" lon="137.7864376"><ele>2586.03194</ele><time>2026-07-18T03:58:57Z</time></trkpt><trkpt lat="36.7756262" lon="137.7862472"><ele>2589.4344201</ele><time>2026-07-18T03:59:31Z</time></trkpt><trkpt lat="36.775513" lon="137.7860732"><ele>2591.4460208</ele><time>2026-07-18T04:00:06Z</time></trkpt><trkpt lat="36.7754561" lon="137.7858657"><ele>2592.4157165</ele><time>2026-07-18T04:00:34Z</time></trkpt><trkpt lat="36.7753411" lon="137.7857068"><ele>2595.2716902</ele><time>2026-07-18T04:01:07Z</time></trkpt><trkpt lat="36.7751856" lon="137.7855953"><ele>2599.245807</ele><time>2026-07-18T04:01:39Z</time></trkpt><trkpt lat="36.7750703" lon="137.7854326"><ele>2601.1335438</ele><time>2026-07-18T04:02:16Z</time></trkpt><trkpt lat="36.7749685" lon="137.7852479"><ele>2602.9542251</ele><time>2026-07-18T04:02:49Z</time></trkpt><trkpt lat="36.7748607" lon="137.7850685"><ele>2606.1459709</ele><time>2026-07-18T04:03:20Z</time></trkpt><trkpt lat="36.7747271" lon="137.7849217"><ele>2608.4877394</ele><time>2026-07-18T04:04:27Z</time></trkpt><trkpt lat="36.7745752" lon="137.7848015"><ele>2609.7453835</ele><time>2026-07-18T04:05:18Z</time></trkpt><trkpt lat="36.7744484" lon="137.7846482"><ele>2610.2308568</ele><time>2026-07-18T04:05:51Z</time></trkpt><trkpt lat="36.7743364" lon="137.7844727"><ele>2610.8357755</ele><time>2026-07-18T04:06:23Z</time></trkpt><trkpt lat="36.7742703" lon="137.7842729"><ele>2609.9758417</ele><time>2026-07-18T04:06:50Z</time></trkpt><trkpt lat="36.7742053" lon="137.7840689"><ele>2609.1546497</ele><time>2026-07-18T04:07:25Z</time></trkpt><trkpt lat="36.7741417" lon="137.7838634"><ele>2607.9575072</ele><time>2026-07-18T04:08:01Z</time></trkpt><trkpt lat="36.7740893" lon="137.7836503"><ele>2609.4316331</ele><time>2026-07-18T04:08:33Z</time></trkpt><trkpt lat="36.77402" lon="137.7834434"><ele>2614.5802039</ele><time>2026-07-18T04:09:20Z</time></trkpt><trkpt lat="36.7739282" lon="137.7832542"><ele>2619.3443524</ele><time>2026-07-18T04:10:20Z</time></trkpt><trkpt lat="36.7738273" lon="137.7830712"><ele>2625.4305871</ele><time>2026-07-18T04:11:09Z</time></trkpt><trkpt lat="36.7737479" lon="137.7828701"><ele>2631.7925819</ele><time>2026-07-18T04:11:53Z</time></trkpt><trkpt lat="36.7736293" lon="137.7827316"><ele>2639.0585865</ele><time>2026-07-18T04:12:51Z</time></trkpt><trkpt lat="36.7734789" lon="137.7826358"><ele>2647.4077363</ele><time>2026-07-18T04:13:52Z</time></trkpt><trkpt lat="36.7733536" lon="137.7824794"><ele>2652.4121818</ele><time>2026-07-18T04:15:11Z</time></trkpt><trkpt lat="36.7732415" lon="137.7823227"><ele>2657.1092619</ele><time>2026-07-18T04:16:59Z</time></trkpt><trkpt lat="36.7731788" lon="137.782115"><ele>2663.8377447</ele><time>2026-07-18T04:18:05Z</time></trkpt><trkpt lat="36.7731085" lon="137.7819131"><ele>2670.547606</ele><time>2026-07-18T04:18:54Z</time></trkpt><trkpt lat="36.7731129" lon="137.7816962"><ele>2678.2413351</ele><time>2026-07-18T04:19:38Z</time></trkpt><trkpt lat="36.7731567" lon="137.7814844"><ele>2682.4439823</ele><time>2026-07-18T04:20:33Z</time></trkpt><trkpt lat="36.7731262" lon="137.781266"><ele>2684.7089039</ele><time>2026-07-18T04:21:33Z</time></trkpt><trkpt lat="36.7730729" lon="137.7810549"><ele>2688.7812798</ele><time>2026-07-18T04:22:12Z</time></trkpt><trkpt lat="36.77307" lon="137.7808312"><ele>2693.2368993</ele><time>2026-07-18T04:22:49Z</time></trkpt><trkpt lat="36.773086" lon="137.7806081"><ele>2695.9800118</ele><time>2026-07-18T04:23:30Z</time></trkpt><trkpt lat="36.7731088" lon="137.7803859"><ele>2699.2653741</ele><time>2026-07-18T04:24:12Z</time></trkpt><trkpt lat="36.7731274" lon="137.7801632"><ele>2703.8441761</ele><time>2026-07-18T04:25:27Z</time></trkpt><trkpt lat="36.7731314" lon="137.7799393"><ele>2708.2353186</ele><time>2026-07-18T04:26:38Z</time></trkpt><trkpt lat="36.7731349" lon="137.7797166"><ele>2714.2228644</ele><time>2026-07-18T04:28:07Z</time></trkpt><trkpt lat="36.77317" lon="137.7794971"><ele>2720.4329303</ele><time>2026-07-18T04:30:00Z</time></trkpt><trkpt lat="36.7731841" lon="137.7792741"><ele>2724.0883241</ele><time>2026-07-18T04:30:55Z</time></trkpt><trkpt lat="36.7731814" lon="137.7790501"><ele>2726.5666601</ele><time>2026-07-18T04:31:27Z</time></trkpt><trkpt lat="36.773182" lon="137.7788262"><ele>2729.6312134</ele><time>2026-07-18T04:32:04Z</time></trkpt><trkpt lat="36.7731838" lon="137.7786031"><ele>2731.9140408</ele><time>2026-07-18T04:32:49Z</time></trkpt><trkpt lat="36.7732217" lon="137.7783841"><ele>2733.1028959</ele><time>2026-07-18T04:33:23Z</time></trkpt><trkpt lat="36.7732679" lon="137.778168"><ele>2733.5772166</ele><time>2026-07-18T04:34:23Z</time></trkpt><trkpt lat="36.7733215" lon="137.777963"><ele>2735.0798069</ele><time>2026-07-18T04:36:20Z</time></trkpt><trkpt lat="36.7732582" lon="137.7777594"><ele>2739.5216932</ele><time>2026-07-18T04:36:58Z</time></trkpt><trkpt lat="36.7733071" lon="137.7775438"><ele>2744.9522671</ele><time>2026-07-18T04:37:40Z</time></trkpt><trkpt lat="36.7733513" lon="137.777327"><ele>2749.5370531</ele><time>2026-07-18T04:38:27Z</time></trkpt><trkpt lat="36.7734251" lon="137.7771233"><ele>2748.6244945</ele><time>2026-07-18T04:39:21Z</time></trkpt><trkpt lat="36.7734548" lon="137.7769025"><ele>2749.1968811</ele><time>2026-07-18T04:40:02Z</time></trkpt><trkpt lat="36.7735072" lon="137.7766881"><ele>2752.7454195</ele><time>2026-07-18T04:41:12Z</time></trkpt><trkpt lat="36.7735566" lon="137.7764727"><ele>2754.8328953</ele><time>2026-07-18T04:41:43Z</time></trkpt><trkpt lat="36.7736133" lon="137.7762604"><ele>2759.7290731</ele><time>2026-07-18T04:42:23Z</time></trkpt><trkpt lat="36.7737415" lon="137.7761048"><ele>2763.3242795</ele><time>2026-07-18T04:42:58Z</time></trkpt><trkpt lat="36.7737826" lon="137.7758849"><ele>2758.3606342</ele><time>2026-07-18T04:54:06Z</time></trkpt><trkpt lat="36.7736843" lon="137.7756971"><ele>2758.0611135</ele><time>2026-07-18T04:54:53Z</time></trkpt><trkpt lat="36.7735955" lon="137.7755023"><ele>2756.6899782</ele><time>2026-07-18T04:56:18Z</time></trkpt><trkpt lat="36.7734766" lon="137.7753345"><ele>2754.2850417</ele><time>2026-07-18T04:56:50Z</time></trkpt><trkpt lat="36.7733523" lon="137.7751723"><ele>2752.154911</ele><time>2026-07-18T04:57:20Z</time></trkpt><trkpt lat="36.7732576" lon="137.7749822"><ele>2750.151068</ele><time>2026-07-18T04:57:52Z</time></trkpt><trkpt lat="36.7731891" lon="137.7747752"><ele>2746.8871624</ele><time>2026-07-18T04:58:21Z</time></trkpt><trkpt lat="36.773082" lon="137.7745963"><ele>2745.6980362</ele><time>2026-07-18T04:58:46Z</time></trkpt><trkpt lat="36.7729484" lon="137.7744467"><ele>2745.8513739</ele><time>2026-07-18T04:59:11Z</time></trkpt><trkpt lat="36.7727862" lon="137.7743533"><ele>2747.4553645</ele><time>2026-07-18T04:59:38Z</time></trkpt><trkpt lat="36.7726767" lon="137.7741839"><ele>2746.7791586</ele><time>2026-07-18T05:00:06Z</time></trkpt><trkpt lat="36.7725769" lon="137.7739974"><ele>2744.7850479</ele><time>2026-07-18T05:00:37Z</time></trkpt><trkpt lat="36.7725108" lon="137.7737906"><ele>2744.9089291</ele><time>2026-07-18T05:01:02Z</time></trkpt><trkpt lat="36.7724618" lon="137.7735751"><ele>2743.1573932</ele><time>2026-07-18T05:01:24Z</time></trkpt><trkpt lat="36.7723892" lon="137.773371"><ele>2741.8752265</ele><time>2026-07-18T05:01:48Z</time></trkpt><trkpt lat="36.7722763" lon="137.7731988"><ele>2741.6611157</ele><time>2026-07-18T05:02:14Z</time></trkpt><trkpt lat="36.7721943" lon="137.7730028"><ele>2740.9277312</ele><time>2026-07-18T05:03:25Z</time></trkpt><trkpt lat="36.7720993" lon="137.7728141"><ele>2738.4598487</ele><time>2026-07-18T05:04:13Z</time></trkpt><trkpt lat="36.7720124" lon="137.7726186"><ele>2734.0854884</ele><time>2026-07-18T05:04:40Z</time></trkpt><trkpt lat="36.7719583" lon="137.7724061"><ele>2732.7257721</ele><time>2026-07-18T05:05:04Z</time></trkpt><trkpt lat="36.7719418" lon="137.7721843"><ele>2734.6609647</ele><time>2026-07-18T05:05:27Z</time></trkpt><trkpt lat="36.7719419" lon="137.7719603"><ele>2736.2040357</ele><time>2026-07-18T05:05:51Z</time></trkpt><trkpt lat="36.7719612" lon="137.7717383"><ele>2735.3672283</ele><time>2026-07-18T05:06:17Z</time></trkpt><trkpt lat="36.7719277" lon="137.7715272"><ele>2736.2541443</ele><time>2026-07-18T05:08:12Z</time></trkpt><trkpt lat="36.7718526" lon="137.7713236"><ele>2738.3246102</ele><time>2026-07-18T05:09:34Z</time></trkpt><trkpt lat="36.7717619" lon="137.7711307"><ele>2739.0840249</ele><time>2026-07-18T05:09:59Z</time></trkpt><trkpt lat="36.7716758" lon="137.7709348"><ele>2736.7187714</ele><time>2026-07-18T05:10:25Z</time></trkpt><trkpt lat="36.7715761" lon="137.7707513"><ele>2733.7508753</ele><time>2026-07-18T05:10:53Z</time></trkpt><trkpt lat="36.771507" lon="137.7705567"><ele>2730.4679009</ele><time>2026-07-18T05:11:20Z</time></trkpt><trkpt lat="36.7714787" lon="137.7703359"><ele>2725.5456432</ele><time>2026-07-18T05:11:53Z</time></trkpt><trkpt lat="36.7714484" lon="137.7701154"><ele>2722.602995</ele><time>2026-07-18T05:12:25Z</time></trkpt><trkpt lat="36.7714172" lon="137.7698953"><ele>2722.5830759</ele><time>2026-07-18T05:12:48Z</time></trkpt><trkpt lat="36.7714228" lon="137.7696807"><ele>2721.7352189</ele><time>2026-07-18T05:13:11Z</time></trkpt><trkpt lat="36.7714674" lon="137.7694647"><ele>2718.5275141</ele><time>2026-07-18T05:13:35Z</time></trkpt><trkpt lat="36.7714742" lon="137.7692426"><ele>2714.0397081</ele><time>2026-07-18T05:15:51Z</time></trkpt><trkpt lat="36.7714297" lon="137.769029"><ele>2713.8388194</ele><time>2026-07-18T05:18:40Z</time></trkpt><trkpt lat="36.7713316" lon="137.7688444"><ele>2716.2178217</ele><time>2026-07-18T05:19:03Z</time></trkpt><trkpt lat="36.771211" lon="137.7686785"><ele>2713.0871045</ele><time>2026-07-18T05:19:28Z</time></trkpt><trkpt lat="36.7711024" lon="137.7684997"><ele>2708.337623</ele><time>2026-07-18T05:20:01Z</time></trkpt><trkpt lat="36.7710051" lon="137.7683119"><ele>2701.7856292</ele><time>2026-07-18T05:20:39Z</time></trkpt><trkpt lat="36.7709217" lon="137.7681134"><ele>2697.2209286</ele><time>2026-07-18T05:21:16Z</time></trkpt><trkpt lat="36.7708405" lon="137.767914"><ele>2694.9353</ele><time>2026-07-18T05:21:43Z</time></trkpt><trkpt lat="36.770772" lon="137.767707"><ele>2693.2966398</ele><time>2026-07-18T05:22:05Z</time></trkpt><trkpt lat="36.7706861" lon="137.7675106"><ele>2695.1783506</ele><time>2026-07-18T05:22:27Z</time></trkpt><trkpt lat="36.7705684" lon="137.7673472"><ele>2694.1837699</ele><time>2026-07-18T05:22:52Z</time></trkpt><trkpt lat="36.7704122" lon="137.7672357"><ele>2692.549829</ele><time>2026-07-18T05:23:17Z</time></trkpt><trkpt lat="36.7702571" lon="137.7671223"><ele>2692.3769982</ele><time>2026-07-18T05:23:42Z</time></trkpt><trkpt lat="36.7700984" lon="137.767019"><ele>2692.0008208</ele><time>2026-07-18T05:24:08Z</time></trkpt><trkpt lat="36.7699518" lon="137.766895"><ele>2691.0561375</ele><time>2026-07-18T05:24:35Z</time></trkpt><trkpt lat="36.769786" lon="137.7668184"><ele>2689.8526254</ele><time>2026-07-18T05:25:02Z</time></trkpt><trkpt lat="36.7696543" lon="137.7666656"><ele>2686.8385311</ele><time>2026-07-18T05:25:33Z</time></trkpt><trkpt lat="36.7695256" lon="137.76651"><ele>2683.0875636</ele><time>2026-07-18T05:26:02Z</time></trkpt><trkpt lat="36.769378" lon="137.7663818"><ele>2682.5826584</ele><time>2026-07-18T05:26:23Z</time></trkpt><trkpt lat="36.7692369" lon="137.7662451"><ele>2685.0465458</ele><time>2026-07-18T05:26:43Z</time></trkpt><trkpt lat="36.7690709" lon="137.7661604"><ele>2690.5002475</ele><time>2026-07-18T05:27:08Z</time></trkpt><trkpt lat="36.7689287" lon="137.7660228"><ele>2692.4611363</ele><time>2026-07-18T05:27:33Z</time></trkpt><trkpt lat="36.7687968" lon="137.7658703"><ele>2691.7117203</ele><time>2026-07-18T05:28:14Z</time></trkpt><trkpt lat="36.7686726" lon="137.7657079"><ele>2689.9438371</ele><time>2026-07-18T05:31:07Z</time></trkpt><trkpt lat="36.7685528" lon="137.7655407"><ele>2688.2116164</ele><time>2026-07-18T05:31:32Z</time></trkpt><trkpt lat="36.7684154" lon="137.7653958"><ele>2685.3537906</ele><time>2026-07-18T05:31:52Z</time></trkpt><trkpt lat="36.7682685" lon="137.7652661"><ele>2684.4877376</ele><time>2026-07-18T05:32:12Z</time></trkpt><trkpt lat="36.7681477" lon="137.7650999"><ele>2681.9387066</ele><time>2026-07-18T05:32:39Z</time></trkpt><trkpt lat="36.7680017" lon="137.7649687"><ele>2678.80966</ele><time>2026-07-18T05:33:09Z</time></trkpt><trkpt lat="36.7678308" lon="137.7648982"><ele>2674.5226465</ele><time>2026-07-18T05:33:34Z</time></trkpt><trkpt lat="36.767683" lon="137.7647711"><ele>2671.497142</ele><time>2026-07-18T05:33:56Z</time></trkpt><trkpt lat="36.767575" lon="137.7645927"><ele>2673.4913798</ele><time>2026-07-18T05:34:23Z</time></trkpt><trkpt lat="36.7675177" lon="137.7643815"><ele>2678.7502491</ele><time>2026-07-18T05:35:09Z</time></trkpt><trkpt lat="36.767482" lon="137.7641621"><ele>2685.0565198</ele><time>2026-07-18T05:35:51Z</time></trkpt><trkpt lat="36.7674359" lon="137.7639456"><ele>2690.671788</ele><time>2026-07-18T05:37:45Z</time></trkpt><trkpt lat="36.7673933" lon="137.7637279"><ele>2694.1681013</ele><time>2026-07-18T05:38:24Z</time></trkpt><trkpt lat="36.7673696" lon="137.7635061"><ele>2699.2490779</ele><time>2026-07-18T05:38:51Z</time></trkpt><trkpt lat="36.7673298" lon="137.7632879"><ele>2704.6381185</ele><time>2026-07-18T05:39:24Z</time></trkpt><trkpt lat="36.7673004" lon="137.763067"><ele>2708.1689425</ele><time>2026-07-18T05:39:59Z</time></trkpt><trkpt lat="36.767276" lon="137.7628451"><ele>2712.1134618</ele><time>2026-07-18T05:40:36Z</time></trkpt><trkpt lat="36.7672332" lon="137.7626279"><ele>2716.7436213</ele><time>2026-07-18T05:41:13Z</time></trkpt><trkpt lat="36.7671448" lon="137.7624353"><ele>2719.9441678</ele><time>2026-07-18T05:41:44Z</time></trkpt><trkpt lat="36.7670402" lon="137.7622528"><ele>2720.8172812</ele><time>2026-07-18T05:42:09Z</time></trkpt><trkpt lat="36.7669282" lon="137.7620776"><ele>2720.6067353</ele><time>2026-07-18T05:42:30Z</time></trkpt><trkpt lat="36.7668153" lon="137.7619029"><ele>2719.5173434</ele><time>2026-07-18T05:43:36Z</time></trkpt><trkpt lat="36.7666677" lon="137.761788"><ele>2720.6202188</ele><time>2026-07-18T05:44:27Z</time></trkpt><trkpt lat="36.7665119" lon="137.7616784"><ele>2722.551282</ele><time>2026-07-18T05:44:58Z</time></trkpt><trkpt lat="36.7663675" lon="137.7615446"><ele>2725.4842344</ele><time>2026-07-18T05:45:27Z</time></trkpt><trkpt lat="36.7662185" lon="137.7614192"><ele>2730.7585219</ele><time>2026-07-18T05:45:58Z</time></trkpt><trkpt lat="36.7660759" lon="137.7612838"><ele>2736.2672467</ele><time>2026-07-18T05:46:47Z</time></trkpt><trkpt lat="36.765927" lon="137.7611611"><ele>2741.3813884</ele><time>2026-07-18T05:47:31Z</time></trkpt><trkpt lat="36.7657755" lon="137.7610418"><ele>2744.8207943</ele><time>2026-07-18T05:49:07Z</time></trkpt><trkpt lat="36.7656331" lon="137.7609045"><ele>2749.8574011</ele><time>2026-07-18T05:50:52Z</time></trkpt><trkpt lat="36.7654873" lon="137.760773"><ele>2757.781308</ele><time>2026-07-18T05:51:57Z</time></trkpt><trkpt lat="36.7653304" lon="137.7606644"><ele>2765.5394263</ele><time>2026-07-18T05:52:56Z</time></trkpt><trkpt lat="36.7651712" lon="137.7605603"><ele>2774.6985207</ele><time>2026-07-18T05:54:12Z</time></trkpt><trkpt lat="36.7650859" lon="137.7603912"><ele>2783.0972686</ele><time>2026-07-18T05:55:56Z</time></trkpt><trkpt lat="36.7649996" lon="137.7602317"><ele>2791.427536</ele><time>2026-07-18T05:57:33Z</time></trkpt><trkpt lat="36.7648328" lon="137.7601469"><ele>2799.5223714</ele><time>2026-07-18T05:58:40Z</time></trkpt><trkpt lat="36.7646871" lon="137.760027"><ele>2805.0012535</ele><time>2026-07-18T05:59:47Z</time></trkpt><trkpt lat="36.764545" lon="137.7599094"><ele>2810.7994213</ele><time>2026-07-18T06:01:08Z</time></trkpt><trkpt lat="36.7643669" lon="137.7598831"><ele>2816.2551624</ele><time>2026-07-18T06:01:56Z</time></trkpt><trkpt lat="36.7641869" lon="137.7598766"><ele>2819.739887</ele><time>2026-07-18T06:02:26Z</time></trkpt><trkpt lat="36.7640077" lon="137.7598805"><ele>2821.1298329</ele><time>2026-07-18T06:02:49Z</time></trkpt><trkpt lat="36.7638312" lon="137.7598772"><ele>2822.5277018</ele><time>2026-07-18T06:03:11Z</time></trkpt><trkpt lat="36.7636588" lon="137.7598121"><ele>2823.6871061</ele><time>2026-07-18T06:03:33Z</time></trkpt><trkpt lat="36.7634877" lon="137.7597417"><ele>2823.543755</ele><time>2026-07-18T06:04:02Z</time></trkpt><trkpt lat="36.7633241" lon="137.7596538"><ele>2824.8213333</ele><time>2026-07-18T06:04:44Z</time></trkpt><trkpt lat="36.7631787" lon="137.7595217"><ele>2829.3036515</ele><time>2026-07-18T06:05:51Z</time></trkpt><trkpt lat="36.7630264" lon="137.7594119"><ele>2835.1649727</ele><time>2026-07-18T06:07:23Z</time></trkpt><trkpt lat="36.7628494" lon="137.7593803"><ele>2841.1043594</ele><time>2026-07-18T06:09:39Z</time></trkpt><trkpt lat="36.762676" lon="137.7593539"><ele>2847.540773</ele><time>2026-07-18T06:12:14Z</time></trkpt><trkpt lat="36.7625148" lon="137.7592552"><ele>2851.7775916</ele><time>2026-07-18T06:12:52Z</time></trkpt><trkpt lat="36.7623438" lon="137.7591847"><ele>2852.9537463</ele><time>2026-07-18T06:13:12Z</time></trkpt><trkpt lat="36.7621688" lon="137.7591337"><ele>2855.8650254</ele><time>2026-07-18T06:13:36Z</time></trkpt><trkpt lat="36.7619928" lon="137.7590956"><ele>2862.2792235</ele><time>2026-07-18T06:14:10Z</time></trkpt><trkpt lat="36.7618352" lon="137.7589908"><ele>2872.4765705</ele><time>2026-07-18T06:15:00Z</time></trkpt><trkpt lat="36.7616946" lon="137.7588774"><ele>2879.3114391</ele><time>2026-07-18T06:15:57Z</time></trkpt><trkpt lat="36.7615188" lon="137.7589095"><ele>2882.315814</ele><time>2026-07-18T06:17:17Z</time></trkpt><trkpt lat="36.7613424" lon="137.7588638"><ele>2884.8161422</ele><time>2026-07-18T06:17:45Z</time></trkpt><trkpt lat="36.7611637" lon="137.758836"><ele>2888.3907785</ele><time>2026-07-18T06:18:15Z</time></trkpt><trkpt lat="36.7609835" lon="137.7588306"><ele>2893.396739</ele><time>2026-07-18T06:18:59Z</time></trkpt><trkpt lat="36.7608046" lon="137.7588371"><ele>2898.0742669</ele><time>2026-07-18T06:19:39Z</time></trkpt><trkpt lat="36.7606393" lon="137.7589258"><ele>2898.737612</ele><time>2026-07-18T06:20:28Z</time></trkpt><trkpt lat="36.7604651" lon="137.7589789"><ele>2897.417434</ele><time>2026-07-18T06:20:51Z</time></trkpt><trkpt lat="36.7602894" lon="137.7589289"><ele>2898.5478249</ele><time>2026-07-18T06:21:10Z</time></trkpt><trkpt lat="36.7601117" lon="137.7588924"><ele>2901.8857449</ele><time>2026-07-18T06:21:35Z</time></trkpt><trkpt lat="36.7599508" lon="137.7587917"><ele>2903.4575292</ele><time>2026-07-18T06:22:02Z</time></trkpt><trkpt lat="36.7598008" lon="137.7586674"><ele>2904.1102888</ele><time>2026-07-18T06:22:25Z</time></trkpt><trkpt lat="36.7596459" lon="137.758553"><ele>2906.4478176</ele><time>2026-07-18T06:22:49Z</time></trkpt><trkpt lat="36.7594907" lon="137.7584391"><ele>2910.3999359</ele><time>2026-07-18T06:23:19Z</time></trkpt><trkpt lat="36.7593195" lon="137.7583707"><ele>2916.849619</ele><time>2026-07-18T06:24:06Z</time></trkpt><trkpt lat="36.7591408" lon="137.7583445"><ele>2921.9597396</ele><time>2026-07-18T06:25:02Z</time></trkpt><trkpt lat="36.7589645" lon="137.7583858"><ele>2926.6370556</ele><time>2026-07-18T06:25:42Z</time></trkpt><trkpt lat="36.7587986" lon="137.7584724"><ele>2929.7609297</ele><time>2026-07-18T06:26:19Z</time></trkpt><trkpt lat="36.7586224" lon="137.7585148"><ele>2931.169215</ele><time>2026-07-18T06:26:52Z</time></trkpt><trkpt lat="36.7584491" lon="137.7584658"><ele>2931.0724065</ele><time>2026-07-18T06:31:07Z</time></trkpt><trkpt lat="36.7583358" lon="137.7583005"><ele>2928.3211528</ele><time>2026-07-18T06:32:17Z</time></trkpt><trkpt lat="36.7582043" lon="137.7581491"><ele>2921.5153511</ele><time>2026-07-18T06:32:44Z</time></trkpt><trkpt lat="36.7580617" lon="137.7580122"><ele>2912.2307881</ele><time>2026-07-18T06:33:13Z</time></trkpt><trkpt lat="36.7579146" lon="137.7578829"><ele>2907.4386847</ele><time>2026-07-18T06:33:50Z</time></trkpt><trkpt lat="36.7577674" lon="137.7577537"><ele>2905.8016016</ele><time>2026-07-18T06:34:35Z</time></trkpt><trkpt lat="36.7575973" lon="137.7576935"><ele>2900.9143253</ele><time>2026-07-18T06:35:54Z</time></trkpt><trkpt lat="36.7574259" lon="137.7576265"><ele>2895.8914911</ele><time>2026-07-18T06:36:49Z</time></trkpt><trkpt lat="36.757255" lon="137.7575555"><ele>2890.4494073</ele><time>2026-07-18T06:37:21Z</time></trkpt><trkpt lat="36.7570879" lon="137.7576009"><ele>2884.9368197</ele><time>2026-07-18T06:37:51Z</time></trkpt><trkpt lat="36.7569967" lon="137.7577766"><ele>2880.1003768</ele><time>2026-07-18T06:38:29Z</time></trkpt><trkpt lat="36.7568668" lon="137.7577682"><ele>2876.1779235</ele><time>2026-07-18T06:39:25Z</time></trkpt><trkpt lat="36.7566945" lon="137.7577113"><ele>2872.9938632</ele><time>2026-07-18T06:40:00Z</time></trkpt><trkpt lat="36.7565245" lon="137.7576413"><ele>2869.5949429</ele><time>2026-07-18T06:40:27Z</time></trkpt><trkpt lat="36.7563498" lon="137.7576283"><ele>2865.8864119</ele><time>2026-07-18T06:40:56Z</time></trkpt><trkpt lat="36.756212" lon="137.7575253"><ele>2862.1718833</ele><time>2026-07-18T06:41:21Z</time></trkpt><trkpt lat="36.7561521" lon="137.7573223"><ele>2857.894742</ele><time>2026-07-18T06:41:52Z</time></trkpt><trkpt lat="36.756123" lon="137.7571013"><ele>2853.3730127</ele><time>2026-07-18T06:42:22Z</time></trkpt><trkpt lat="36.7560375" lon="137.7569135"><ele>2848.5311151</ele><time>2026-07-18T06:42:53Z</time></trkpt><trkpt lat="36.7558952" lon="137.756781"><ele>2843.689282</ele><time>2026-07-18T06:43:21Z</time></trkpt><trkpt lat="36.7556463" lon="137.7566921"><ele>2837.6881308</ele><time>2026-07-18T06:43:57Z</time></trkpt><trkpt lat="36.7554381" lon="137.7566477"><ele>2832.3366369</ele><time>2026-07-18T21:01:10Z</time></trkpt><trkpt lat="36.7556152" lon="137.7566892"><ele>2835.7532486</ele><time>2026-07-18T21:02:20Z</time></trkpt><trkpt lat="36.7557937" lon="137.7567198"><ele>2839.2848896</ele><time>2026-07-18T21:02:46Z</time></trkpt><trkpt lat="36.7559546" lon="137.7568199"><ele>2843.6172348</ele><time>2026-07-18T21:03:18Z</time></trkpt><trkpt lat="36.7561111" lon="137.756931"><ele>2848.3575676</ele><time>2026-07-18T21:03:49Z</time></trkpt><trkpt lat="36.7562764" lon="137.7570201"><ele>2853.0598046</ele><time>2026-07-18T21:04:31Z</time></trkpt><trkpt lat="36.7564312" lon="137.7571345"><ele>2857.9262006</ele><time>2026-07-18T21:05:19Z</time></trkpt><trkpt lat="36.7565744" lon="137.7572703"><ele>2864.8050497</ele><time>2026-07-18T21:06:06Z</time></trkpt><trkpt lat="36.756704" lon="137.7574258"><ele>2870.9930054</ele><time>2026-07-18T21:06:58Z</time></trkpt><trkpt lat="36.7568767" lon="137.7574674"><ele>2875.3274965</ele><time>2026-07-18T21:07:44Z</time></trkpt><trkpt lat="36.7570335" lon="137.7575722"><ele>2880.7753572</ele><time>2026-07-18T21:08:27Z</time></trkpt><trkpt lat="36.7572049" lon="137.7575451"><ele>2886.4584245</ele><time>2026-07-18T21:09:05Z</time></trkpt><trkpt lat="36.7573821" lon="137.7575666"><ele>2891.7050285</ele><time>2026-07-18T21:09:46Z</time></trkpt><trkpt lat="36.7575584" lon="137.7576127"><ele>2897.4985498</ele><time>2026-07-18T21:10:38Z</time></trkpt><trkpt lat="36.757702" lon="137.7577404"><ele>2902.2613014</ele><time>2026-07-18T21:11:39Z</time></trkpt><trkpt lat="36.7578533" lon="137.757861"><ele>2904.9742222</ele><time>2026-07-18T21:12:38Z</time></trkpt><trkpt lat="36.7580096" lon="137.7579724"><ele>2907.2994843</ele><time>2026-07-18T21:13:30Z</time></trkpt><trkpt lat="36.7581565" lon="137.7581017"><ele>2914.7266954</ele><time>2026-07-18T21:14:18Z</time></trkpt><trkpt lat="36.7582924" lon="137.7582485"><ele>2923.7645985</ele><time>2026-07-18T21:15:06Z</time></trkpt><trkpt lat="36.7584122" lon="137.7584154"><ele>2929.3647601</ele><time>2026-07-18T21:15:44Z</time></trkpt><trkpt lat="36.75857" lon="137.7585074"><ele>2931.1965625</ele><time>2026-07-18T21:19:01Z</time></trkpt><trkpt lat="36.7587457" lon="137.7584921"><ele>2930.9388883</ele><time>2026-07-18T21:20:33Z</time></trkpt><trkpt lat="36.7589141" lon="137.7584153"><ele>2929.1508194</ele><time>2026-07-18T21:21:14Z</time></trkpt><trkpt lat="36.7590877" lon="137.7583604"><ele>2925.3769175</ele><time>2026-07-18T21:21:54Z</time></trkpt><trkpt lat="36.7592664" lon="137.7583629"><ele>2920.7368255</ele><time>2026-07-18T21:22:31Z</time></trkpt><trkpt lat="36.7594399" lon="137.7584187"><ele>2914.6359054</ele><time>2026-07-18T21:23:05Z</time></trkpt><trkpt lat="36.7596024" lon="137.7585139"><ele>2909.0061016</ele><time>2026-07-18T21:23:29Z</time></trkpt><trkpt lat="36.7597566" lon="137.7586296"><ele>2905.8119569</ele><time>2026-07-18T21:23:54Z</time></trkpt><trkpt lat="36.7599074" lon="137.7587521"><ele>2903.6290765</ele><time>2026-07-18T21:24:18Z</time></trkpt><trkpt lat="36.7600653" lon="137.7588589"><ele>2901.8322423</ele><time>2026-07-18T21:24:39Z</time></trkpt><trkpt lat="36.7602367" lon="137.7589222"><ele>2899.1339246</ele><time>2026-07-18T21:25:00Z</time></trkpt><trkpt lat="36.7604139" lon="137.758963"><ele>2897.4465641</ele><time>2026-07-18T21:25:22Z</time></trkpt><trkpt lat="36.7605875" lon="137.7589438"><ele>2898.3616132</ele><time>2026-07-18T21:26:14Z</time></trkpt><trkpt lat="36.7607558" lon="137.7588641"><ele>2897.7436321</ele><time>2026-07-18T21:27:06Z</time></trkpt><trkpt lat="36.7609289" lon="137.7588188"><ele>2893.055805</ele><time>2026-07-18T21:27:45Z</time></trkpt><trkpt lat="36.7611088" lon="137.7588252"><ele>2888.1411682</ele><time>2026-07-18T21:28:29Z</time></trkpt><trkpt lat="36.761288" lon="137.7588479"><ele>2884.9602149</ele><time>2026-07-18T21:28:59Z</time></trkpt><trkpt lat="36.761465" lon="137.7588885"><ele>2882.4008606</ele><time>2026-07-18T21:29:22Z</time></trkpt><trkpt lat="36.7616393" lon="137.758898"><ele>2879.1002756</ele><time>2026-07-18T21:29:48Z</time></trkpt><trkpt lat="36.7617939" lon="137.7589209"><ele>2872.600054</ele><time>2026-07-18T21:30:19Z</time></trkpt><trkpt lat="36.7619332" lon="137.7590559"><ele>2863.4153105</ele><time>2026-07-18T21:30:58Z</time></trkpt><trkpt lat="36.7621038" lon="137.7591205"><ele>2855.8819812</ele><time>2026-07-18T21:31:33Z</time></trkpt><trkpt lat="36.7622813" lon="137.7591551"><ele>2852.8578551</ele><time>2026-07-18T21:32:01Z</time></trkpt><trkpt lat="36.7624536" lon="137.75922"><ele>2851.4415944</ele><time>2026-07-18T21:32:25Z</time></trkpt><trkpt lat="36.7626181" lon="137.7593095"><ele>2848.375771</ele><time>2026-07-18T21:32:59Z</time></trkpt><trkpt lat="36.7627782" lon="137.7594074"><ele>2840.9667577</ele><time>2026-07-18T21:33:56Z</time></trkpt><trkpt lat="36.7629546" lon="137.7594376"><ele>2834.880913</ele><time>2026-07-18T21:35:13Z</time></trkpt><trkpt lat="36.7631237" lon="137.7594559"><ele>2830.3727348</ele><time>2026-07-18T21:37:10Z</time></trkpt><trkpt lat="36.763267" lon="137.7595916"><ele>2825.2890258</ele><time>2026-07-18T21:38:16Z</time></trkpt><trkpt lat="36.7634206" lon="137.7597051"><ele>2823.4576517</ele><time>2026-07-18T21:38:53Z</time></trkpt><trkpt lat="36.7635912" lon="137.7597765"><ele>2823.5780955</ele><time>2026-07-18T21:39:15Z</time></trkpt><trkpt lat="36.7637579" lon="137.7598582"><ele>2822.6333397</ele><time>2026-07-18T21:39:35Z</time></trkpt><trkpt lat="36.7639371" lon="137.7598782"><ele>2821.5336055</ele><time>2026-07-18T21:39:57Z</time></trkpt><trkpt lat="36.7641172" lon="137.7598686"><ele>2819.8754876</ele><time>2026-07-18T21:40:19Z</time></trkpt><trkpt lat="36.7642974" lon="137.759869"><ele>2817.1563168</ele><time>2026-07-18T21:40:41Z</time></trkpt><trkpt lat="36.7644765" lon="137.7598714"><ele>2811.1874596</ele><time>2026-07-18T21:41:09Z</time></trkpt><trkpt lat="36.7646432" lon="137.7599543"><ele>2805.611854</ele><time>2026-07-18T21:41:47Z</time></trkpt><trkpt lat="36.7647837" lon="137.7600937"><ele>2799.6560159</ele><time>2026-07-18T21:42:32Z</time></trkpt><trkpt lat="36.7649484" lon="137.7601838"><ele>2792.1514609</ele><time>2026-07-18T21:44:08Z</time></trkpt><trkpt lat="36.7650826" lon="137.7603325"><ele>2781.5390848</ele><time>2026-07-18T21:46:17Z</time></trkpt><trkpt lat="36.7651575" lon="137.760536"><ele>2772.5679029</ele><time>2026-07-18T21:47:56Z</time></trkpt><trkpt lat="36.7653215" lon="137.7606288"><ele>2763.0226844</ele><time>2026-07-18T21:49:12Z</time></trkpt><trkpt lat="36.7654813" lon="137.7607323"><ele>2760.9609072</ele><time>2026-07-18T21:50:02Z</time></trkpt><trkpt lat="36.7656315" lon="137.7608561"><ele>2752.3554443</ele><time>2026-07-18T21:51:18Z</time></trkpt><trkpt lat="36.7657777" lon="137.7609872"><ele>2745.2478372</ele><time>2026-07-18T21:52:00Z</time></trkpt><trkpt lat="36.7659216" lon="137.761122"><ele>2741.9910936</ele><time>2026-07-18T21:52:31Z</time></trkpt><trkpt lat="36.7660488" lon="137.7612805"><ele>2739.1751809</ele><time>2026-07-18T21:53:00Z</time></trkpt><trkpt lat="36.7662022" lon="137.7613968"><ele>2733.4671834</ele><time>2026-07-18T21:53:36Z</time></trkpt><trkpt lat="36.7663523" lon="137.7615209"><ele>2727.1567089</ele><time>2026-07-18T21:55:29Z</time></trkpt><trkpt lat="36.7664985" lon="137.7616517"><ele>2723.3565891</ele><time>2026-07-18T21:56:36Z</time></trkpt><trkpt lat="36.7666577" lon="137.7617561"><ele>2720.7687474</ele><time>2026-07-18T21:57:12Z</time></trkpt><trkpt lat="36.7667931" lon="137.7619026"><ele>2720.2797171</ele><time>2026-07-18T21:57:56Z</time></trkpt><trkpt lat="36.7669175" lon="137.7620646"><ele>2720.5913706</ele><time>2026-07-18T21:58:36Z</time></trkpt><trkpt lat="36.7670199" lon="137.7622484"><ele>2721.5352028</ele><time>2026-07-18T21:59:10Z</time></trkpt><trkpt lat="36.7671354" lon="137.76242"><ele>2720.9252407</ele><time>2026-07-18T21:59:37Z</time></trkpt><trkpt lat="36.7672316" lon="137.7626086"><ele>2718.5555307</ele><time>2026-07-18T22:00:02Z</time></trkpt><trkpt lat="36.7672855" lon="137.7628208"><ele>2713.6002539</ele><time>2026-07-18T22:00:43Z</time></trkpt><trkpt lat="36.7673036" lon="137.7630429"><ele>2709.5942059</ele><time>2026-07-18T22:01:16Z</time></trkpt><trkpt lat="36.767333" lon="137.7632633"><ele>2706.3332419</ele><time>2026-07-18T22:01:44Z</time></trkpt><trkpt lat="36.7673667" lon="137.7634833"><ele>2701.5704198</ele><time>2026-07-18T22:02:11Z</time></trkpt><trkpt lat="36.7673887" lon="137.7637055"><ele>2696.5316149</ele><time>2026-07-18T22:02:36Z</time></trkpt><trkpt lat="36.7674339" lon="137.7639209"><ele>2692.4140004</ele><time>2026-07-18T22:03:01Z</time></trkpt><trkpt lat="36.7674798" lon="137.7641373"><ele>2687.8006838</ele><time>2026-07-18T22:03:28Z</time></trkpt><trkpt lat="36.7675277" lon="137.7643531"><ele>2681.2565436</ele><time>2026-07-18T22:04:01Z</time></trkpt><trkpt lat="36.7675819" lon="137.7645667"><ele>2675.430262</ele><time>2026-07-18T22:04:37Z</time></trkpt><trkpt lat="36.7676799" lon="137.7647489"><ele>2672.4644615</ele><time>2026-07-18T22:05:07Z</time></trkpt><trkpt lat="36.7678297" lon="137.7648622"><ele>2673.1592659</ele><time>2026-07-18T22:05:32Z</time></trkpt><trkpt lat="36.7679944" lon="137.7649525"><ele>2676.940025</ele><time>2026-07-18T22:05:59Z</time></trkpt><trkpt lat="36.7681473" lon="137.7650697"><ele>2680.1274007</ele><time>2026-07-18T22:06:29Z</time></trkpt><trkpt lat="36.7682746" lon="137.7652254"><ele>2682.6611593</ele><time>2026-07-18T22:07:28Z</time></trkpt><trkpt lat="36.7684031" lon="137.7653802"><ele>2685.6328666</ele><time>2026-07-18T22:08:18Z</time></trkpt><trkpt lat="36.7685432" lon="137.7655211"><ele>2688.3906604</ele><time>2026-07-18T22:08:41Z</time></trkpt><trkpt lat="36.7686734" lon="137.7656753"><ele>2689.9537919</ele><time>2026-07-18T22:09:02Z</time></trkpt><trkpt lat="36.7687914" lon="137.7658445"><ele>2691.793457</ele><time>2026-07-18T22:09:24Z</time></trkpt><trkpt lat="36.7689204" lon="137.7659977"><ele>2692.5602362</ele><time>2026-07-18T22:09:47Z</time></trkpt><trkpt lat="36.7690698" lon="137.7661231"><ele>2689.5748615</ele><time>2026-07-18T22:10:08Z</time></trkpt><trkpt lat="36.7692251" lon="137.7662359"><ele>2685.0427178</ele><time>2026-07-18T22:10:29Z</time></trkpt><trkpt lat="36.7693791" lon="137.7663507"><ele>2682.7285895</ele><time>2026-07-18T22:10:49Z</time></trkpt><trkpt lat="36.7695228" lon="137.7664859"><ele>2684.3668931</ele><time>2026-07-18T22:11:09Z</time></trkpt><trkpt lat="36.7696613" lon="137.7666283"><ele>2687.8520105</ele><time>2026-07-18T22:11:34Z</time></trkpt><trkpt lat="36.7697967" lon="137.7667738"><ele>2690.8351365</ele><time>2026-07-18T22:12:07Z</time></trkpt><trkpt lat="36.7699527" lon="137.7668859"><ele>2691.4800608</ele><time>2026-07-18T22:12:40Z</time></trkpt><trkpt lat="36.7701067" lon="137.7670018"><ele>2692.0578589</ele><time>2026-07-18T22:13:07Z</time></trkpt><trkpt lat="36.7702577" lon="137.7671222"><ele>2692.6265214</ele><time>2026-07-18T22:13:32Z</time></trkpt><trkpt lat="36.7704201" lon="137.7672181"><ele>2693.2697492</ele><time>2026-07-18T22:13:57Z</time></trkpt><trkpt lat="36.7705691" lon="137.7673432"><ele>2692.3894096</ele><time>2026-07-18T22:14:20Z</time></trkpt><trkpt lat="36.7706961" lon="137.7674992"><ele>2692.1441625</ele><time>2026-07-18T22:14:45Z</time></trkpt><trkpt lat="36.7707775" lon="137.767699"><ele>2693.8895936</ele><time>2026-07-18T22:15:07Z</time></trkpt><trkpt lat="36.770845" lon="137.7679066"><ele>2696.6045761</ele><time>2026-07-18T22:15:31Z</time></trkpt><trkpt lat="36.7709026" lon="137.7681165"><ele>2698.8817662</ele><time>2026-07-18T22:16:01Z</time></trkpt><trkpt lat="36.771027" lon="137.7682767"><ele>2703.3967211</ele><time>2026-07-18T22:16:37Z</time></trkpt><trkpt lat="36.7710892" lon="137.7684862"><ele>2710.4710218</ele><time>2026-07-18T22:17:26Z</time></trkpt><trkpt lat="36.7712047" lon="137.7686582"><ele>2714.0806187</ele><time>2026-07-18T22:18:15Z</time></trkpt><trkpt lat="36.7713283" lon="137.768821"><ele>2716.0379423</ele><time>2026-07-18T22:18:49Z</time></trkpt><trkpt lat="36.7714267" lon="137.7690087"><ele>2713.7608366</ele><time>2026-07-18T22:19:14Z</time></trkpt><trkpt lat="36.7715052" lon="137.7692099"><ele>2713.6683472</ele><time>2026-07-18T22:19:36Z</time></trkpt><trkpt lat="36.7714649" lon="137.7694283"><ele>2716.8543675</ele><time>2026-07-18T22:20:01Z</time></trkpt><trkpt lat="36.7713852" lon="137.769629"><ele>2720.5598232</ele><time>2026-07-18T22:20:25Z</time></trkpt><trkpt lat="36.7714097" lon="137.7698486"><ele>2722.3559882</ele><time>2026-07-18T22:21:45Z</time></trkpt><trkpt lat="36.7714408" lon="137.7700693"><ele>2722.3458375</ele><time>2026-07-18T22:22:14Z</time></trkpt><trkpt lat="36.7714932" lon="137.7702834"><ele>2723.8577615</ele><time>2026-07-18T22:22:42Z</time></trkpt><trkpt lat="36.7714902" lon="137.7705056"><ele>2728.1265396</ele><time>2026-07-18T22:23:10Z</time></trkpt><trkpt lat="36.7715845" lon="137.7706881"><ele>2731.1658166</ele><time>2026-07-18T22:23:42Z</time></trkpt><trkpt lat="36.7716505" lon="137.7708946"><ele>2735.0957775</ele><time>2026-07-18T22:24:17Z</time></trkpt><trkpt lat="36.7717501" lon="137.771079"><ele>2737.4424923</ele><time>2026-07-18T22:24:48Z</time></trkpt><trkpt lat="36.7718517" lon="137.7712639"><ele>2737.815476</ele><time>2026-07-18T22:25:15Z</time></trkpt><trkpt lat="36.771934" lon="137.7714627"><ele>2736.4159315</ele><time>2026-07-18T22:25:38Z</time></trkpt><trkpt lat="36.7719623" lon="137.771681"><ele>2735.2644267</ele><time>2026-07-18T22:26:01Z</time></trkpt><trkpt lat="36.7719484" lon="137.7719036"><ele>2735.9750168</ele><time>2026-07-18T22:26:25Z</time></trkpt><trkpt lat="36.7719236" lon="137.7721255"><ele>2735.669455</ele><time>2026-07-18T22:26:48Z</time></trkpt><trkpt lat="36.7719438" lon="137.7723445"><ele>2733.818963</ele><time>2026-07-18T22:27:10Z</time></trkpt><trkpt lat="36.771998" lon="137.7725579"><ele>2732.9377012</ele><time>2026-07-18T22:27:41Z</time></trkpt><trkpt lat="36.7720652" lon="137.7727656"><ele>2736.2608709</ele><time>2026-07-18T22:28:22Z</time></trkpt><trkpt lat="36.7721552" lon="137.7729586"><ele>2739.9387457</ele><time>2026-07-18T22:29:02Z</time></trkpt><trkpt lat="36.7722501" lon="137.7731489"><ele>2741.3105546</ele><time>2026-07-18T22:29:32Z</time></trkpt><trkpt lat="36.7723596" lon="137.7733252"><ele>2742.0878534</ele><time>2026-07-18T22:29:56Z</time></trkpt><trkpt lat="36.7724436" lon="137.7735172"><ele>2742.4587556</ele><time>2026-07-18T22:30:19Z</time></trkpt><trkpt lat="36.7724962" lon="137.7737315"><ele>2743.2137857</ele><time>2026-07-18T22:30:42Z</time></trkpt><trkpt lat="36.7725625" lon="137.7739389"><ele>2744.8549237</ele><time>2026-07-18T22:31:05Z</time></trkpt><trkpt lat="36.7726456" lon="137.7741377"><ele>2746.5537128</ele><time>2026-07-18T22:31:34Z</time></trkpt><trkpt lat="36.7727574" lon="137.7743073"><ele>2747.3133776</ele><time>2026-07-18T22:32:04Z</time></trkpt><trkpt lat="36.7729077" lon="137.7744292"><ele>2746.54304</ele><time>2026-07-18T22:32:28Z</time></trkpt><trkpt lat="36.7730534" lon="137.7745563"><ele>2745.406073</ele><time>2026-07-18T22:32:50Z</time></trkpt><trkpt lat="36.7731663" lon="137.7747289"><ele>2745.8821992</ele><time>2026-07-18T22:33:11Z</time></trkpt><trkpt lat="36.7732418" lon="137.7749304"><ele>2748.8237172</ele><time>2026-07-18T22:33:37Z</time></trkpt><trkpt lat="36.7733186" lon="137.7751265"><ele>2751.7676629</ele><time>2026-07-18T22:34:04Z</time></trkpt><trkpt lat="36.7734424" lon="137.7752892"><ele>2753.4584422</ele><time>2026-07-18T22:34:31Z</time></trkpt><trkpt lat="36.7735648" lon="137.7754536"><ele>2755.4042084</ele><time>2026-07-18T22:34:57Z</time></trkpt><trkpt lat="36.7736787" lon="137.7756267"><ele>2756.9653075</ele><time>2026-07-18T22:35:21Z</time></trkpt><trkpt lat="36.773755" lon="137.7758238"><ele>2758.5418079</ele><time>2026-07-18T22:35:51Z</time></trkpt><trkpt lat="36.7737707" lon="137.7759829"><ele>2759.768471</ele><time>2026-07-18T22:36:15Z</time></trkpt><trkpt lat="36.7736713" lon="137.7761774"><ele>2762.4619224</ele><time>2026-07-18T22:45:12Z</time></trkpt><trkpt lat="36.7735719" lon="137.7763643"><ele>2757.7408431</ele><time>2026-07-18T22:45:35Z</time></trkpt><trkpt lat="36.7735349" lon="137.7765834"><ele>2753.2162747</ele><time>2026-07-18T22:46:11Z</time></trkpt><trkpt lat="36.7735023" lon="137.7768038"><ele>2751.2249156</ele><time>2026-07-18T22:46:52Z</time></trkpt><trkpt lat="36.7734163" lon="137.7770003"><ele>2748.9943848</ele><time>2026-07-18T22:47:19Z</time></trkpt><trkpt lat="36.7733938" lon="137.7772216"><ele>2749.7568308</ele><time>2026-07-18T22:47:48Z</time></trkpt><trkpt lat="36.773316" lon="137.7774223"><ele>2748.177066</ele><time>2026-07-18T22:48:52Z</time></trkpt><trkpt lat="36.7732694" lon="137.777638"><ele>2742.2212845</ele><time>2026-07-18T22:49:24Z</time></trkpt><trkpt lat="36.7732802" lon="137.77786"><ele>2737.6400125</ele><time>2026-07-18T22:49:59Z</time></trkpt><trkpt lat="36.7732722" lon="137.7780833"><ele>2734.817215</ele><time>2026-07-18T22:50:29Z</time></trkpt><trkpt lat="36.7732347" lon="137.7783019"><ele>2733.438584</ele><time>2026-07-18T22:50:56Z</time></trkpt><trkpt lat="36.7731884" lon="137.7785184"><ele>2732.5595726</ele><time>2026-07-18T22:51:22Z</time></trkpt><trkpt lat="36.7731829" lon="137.7787405"><ele>2730.384441</ele><time>2026-07-18T22:51:48Z</time></trkpt><trkpt lat="36.7731757" lon="137.7789641"><ele>2727.7533215</ele><time>2026-07-18T22:52:18Z</time></trkpt><trkpt lat="36.7731964" lon="137.7791849"><ele>2724.493351</ele><time>2026-07-18T22:52:48Z</time></trkpt><trkpt lat="36.7731651" lon="137.7793978"><ele>2722.0858559</ele><time>2026-07-18T22:53:23Z</time></trkpt><trkpt lat="36.7731425" lon="137.779617"><ele>2716.2843499</ele><time>2026-07-18T22:54:03Z</time></trkpt><trkpt lat="36.7731236" lon="137.7798392"><ele>2710.1353702</ele><time>2026-07-18T22:54:56Z</time></trkpt><trkpt lat="36.7730857" lon="137.780058"><ele>2706.3865059</ele><time>2026-07-18T22:55:44Z</time></trkpt><trkpt lat="36.7730898" lon="137.7802767"><ele>2701.4727222</ele><time>2026-07-18T22:56:17Z</time></trkpt><trkpt lat="36.773094" lon="137.7804982"><ele>2697.0442683</ele><time>2026-07-18T22:56:49Z</time></trkpt><trkpt lat="36.7730907" lon="137.7807216"><ele>2693.8891181</ele><time>2026-07-18T22:57:17Z</time></trkpt><trkpt lat="36.7730749" lon="137.7809431"><ele>2690.5443981</ele><time>2026-07-18T22:57:45Z</time></trkpt><trkpt lat="36.7730915" lon="137.7811572"><ele>2686.2888078</ele><time>2026-07-18T22:58:11Z</time></trkpt><trkpt lat="36.7731617" lon="137.7813634"><ele>2682.378954</ele><time>2026-07-18T22:58:38Z</time></trkpt><trkpt lat="36.7731591" lon="137.781564"><ele>2680.0354527</ele><time>2026-07-18T22:59:12Z</time></trkpt><trkpt lat="36.7731229" lon="137.7817742"><ele>2674.2062314</ele><time>2026-07-18T22:59:46Z</time></trkpt><trkpt lat="36.7731524" lon="137.7819943"><ele>2666.2011255</ele><time>2026-07-18T23:00:26Z</time></trkpt><trkpt lat="36.7732095" lon="137.7822062"><ele>2660.1900154</ele><time>2026-07-18T23:01:11Z</time></trkpt><trkpt lat="36.7733039" lon="137.7823925"><ele>2654.6745845</ele><time>2026-07-18T23:01:51Z</time></trkpt><trkpt lat="36.7734184" lon="137.7825639"><ele>2649.2447418</ele><time>2026-07-18T23:02:28Z</time></trkpt><trkpt lat="36.7735477" lon="137.7826762"><ele>2642.3308608</ele><time>2026-07-18T23:03:10Z</time></trkpt><trkpt lat="36.7736868" lon="137.7827531"><ele>2635.1947113</ele><time>2026-07-18T23:04:05Z</time></trkpt><trkpt lat="36.7737685" lon="137.7829525"><ele>2628.9262792</ele><time>2026-07-18T23:05:02Z</time></trkpt><trkpt lat="36.7738664" lon="137.7831401"><ele>2622.149418</ele><time>2026-07-18T23:05:37Z</time></trkpt><trkpt lat="36.7739686" lon="137.7833239"><ele>2616.3706863</ele><time>2026-07-18T23:06:04Z</time></trkpt><trkpt lat="36.7740475" lon="137.7835248"><ele>2611.8618363</ele><time>2026-07-18T23:06:40Z</time></trkpt><trkpt lat="36.7741106" lon="137.7837346"><ele>2607.9745934</ele><time>2026-07-18T23:07:04Z</time></trkpt><trkpt lat="36.7741769" lon="137.7839429"><ele>2608.0281506</ele><time>2026-07-18T23:07:24Z</time></trkpt><trkpt lat="36.7742346" lon="137.7841547"><ele>2609.6202664</ele><time>2026-07-18T23:07:51Z</time></trkpt><trkpt lat="36.7742852" lon="137.7843671"><ele>2611.1759076</ele><time>2026-07-18T23:08:18Z</time></trkpt><trkpt lat="36.77439" lon="137.7845492"><ele>2610.3966408</ele><time>2026-07-18T23:08:43Z</time></trkpt><trkpt lat="36.7745093" lon="137.7847159"><ele>2609.6021278</ele><time>2026-07-18T23:09:12Z</time></trkpt><trkpt lat="36.7746556" lon="137.7848463"><ele>2608.7342761</ele><time>2026-07-18T23:09:36Z</time></trkpt><trkpt lat="36.7748086" lon="137.7849619"><ele>2606.074239</ele><time>2026-07-18T23:10:00Z</time></trkpt><trkpt lat="36.7749237" lon="137.7851339"><ele>2603.4927171</ele><time>2026-07-18T23:10:26Z</time></trkpt><trkpt lat="36.7750164" lon="137.785326"><ele>2601.5136299</ele><time>2026-07-18T23:10:49Z</time></trkpt><trkpt lat="36.7751205" lon="137.7855068"><ele>2599.8985869</ele><time>2026-07-18T23:11:09Z</time></trkpt><trkpt lat="36.7752732" lon="137.785626"><ele>2596.4821678</ele><time>2026-07-18T23:11:30Z</time></trkpt><trkpt lat="36.775418" lon="137.7857509"><ele>2593.211432</ele><time>2026-07-18T23:11:54Z</time></trkpt><trkpt lat="36.7754644" lon="137.7859666"><ele>2591.9304803</ele><time>2026-07-18T23:12:16Z</time></trkpt><trkpt lat="36.7755761" lon="137.7861424"><ele>2589.3694736</ele><time>2026-07-18T23:12:43Z</time></trkpt><trkpt lat="36.7757036" lon="137.7863004"><ele>2586.6007729</ele><time>2026-07-18T23:13:07Z</time></trkpt><trkpt lat="36.7757569" lon="137.7865144"><ele>2586.0808974</ele><time>2026-07-18T23:13:38Z</time></trkpt><trkpt lat="36.7758688" lon="137.7866897"><ele>2579.89902</ele><time>2026-07-18T23:14:05Z</time></trkpt><trkpt lat="36.7759291" lon="137.7869002"><ele>2578.2080076</ele><time>2026-07-18T23:14:26Z</time></trkpt><trkpt lat="36.7760567" lon="137.7870545"><ele>2577.8578318</ele><time>2026-07-18T23:14:46Z</time></trkpt><trkpt lat="36.7761935" lon="137.7872003"><ele>2578.8384097</ele><time>2026-07-18T23:15:04Z</time></trkpt><trkpt lat="36.7763264" lon="137.7873517"><ele>2583.0595709</ele><time>2026-07-18T23:15:25Z</time></trkpt><trkpt lat="36.7764559" lon="137.7875075"><ele>2591.7040679</ele><time>2026-07-18T23:15:57Z</time></trkpt><trkpt lat="36.7766065" lon="137.7876282"><ele>2597.7556959</ele><time>2026-07-18T23:16:35Z</time></trkpt><trkpt lat="36.7767512" lon="137.7877609"><ele>2600.3155118</ele><time>2026-07-18T23:17:43Z</time></trkpt><trkpt lat="36.7768914" lon="137.7879019"><ele>2602.6550366</ele><time>2026-07-18T23:18:47Z</time></trkpt><trkpt lat="36.77704" lon="137.7880281"><ele>2596.8204039</ele><time>2026-07-18T23:20:33Z</time></trkpt><trkpt lat="36.7770964" lon="137.788226"><ele>2592.2140068</ele><time>2026-07-18T23:21:26Z</time></trkpt><trkpt lat="36.7771446" lon="137.7884413"><ele>2589.9579711</ele><time>2026-07-18T23:21:49Z</time></trkpt><trkpt lat="36.7771827" lon="137.7886598"><ele>2591.1168334</ele><time>2026-07-18T23:22:11Z</time></trkpt><trkpt lat="36.7772462" lon="137.7888677"><ele>2592.5969541</ele><time>2026-07-18T23:22:35Z</time></trkpt><trkpt lat="36.7773507" lon="137.7890484"><ele>2591.4475782</ele><time>2026-07-18T23:23:00Z</time></trkpt><trkpt lat="36.777493" lon="137.7891815"><ele>2587.0507066</ele><time>2026-07-18T23:23:28Z</time></trkpt><trkpt lat="36.7776377" lon="137.7893144"><ele>2583.3430452</ele><time>2026-07-18T23:23:54Z</time></trkpt><trkpt lat="36.7777829" lon="137.7894469"><ele>2582.5199816</ele><time>2026-07-18T23:24:17Z</time></trkpt><trkpt lat="36.7779348" lon="137.7895672"><ele>2582.2153726</ele><time>2026-07-18T23:24:40Z</time></trkpt><trkpt lat="36.7780747" lon="137.7897065"><ele>2582.6729459</ele><time>2026-07-18T23:25:05Z</time></trkpt><trkpt lat="36.7782202" lon="137.7898361"><ele>2581.2076672</ele><time>2026-07-18T23:25:34Z</time></trkpt><trkpt lat="36.7783831" lon="137.7899304"><ele>2574.4637817</ele><time>2026-07-18T23:26:10Z</time></trkpt><trkpt lat="36.7784997" lon="137.7900783"><ele>2568.4882244</ele><time>2026-07-18T23:27:21Z</time></trkpt><trkpt lat="36.7785706" lon="137.7902843"><ele>2565.3819947</ele><time>2026-07-18T23:28:22Z</time></trkpt><trkpt lat="36.7786343" lon="137.7904938"><ele>2562.4773928</ele><time>2026-07-18T23:28:53Z</time></trkpt><trkpt lat="36.7787303" lon="137.790675"><ele>2558.5144327</ele><time>2026-07-18T23:29:23Z</time></trkpt><trkpt lat="36.7788839" lon="137.7907794"><ele>2550.1463826</ele><time>2026-07-18T23:29:59Z</time></trkpt><trkpt lat="36.7790309" lon="137.7908884"><ele>2542.1914222</ele><time>2026-07-18T23:30:41Z</time></trkpt><trkpt lat="36.7791452" lon="137.7910616"><ele>2538.2768522</ele><time>2026-07-18T23:31:12Z</time></trkpt><trkpt lat="36.7792761" lon="137.791211"><ele>2534.1978014</ele><time>2026-07-18T23:31:38Z</time></trkpt><trkpt lat="36.779433" lon="137.7913211"><ele>2529.7850316</ele><time>2026-07-18T23:32:05Z</time></trkpt><trkpt lat="36.7795984" lon="137.7914035"><ele>2525.1959187</ele><time>2026-07-18T23:32:33Z</time></trkpt><trkpt lat="36.7797749" lon="137.7914483"><ele>2519.5056502</ele><time>2026-07-18T23:33:08Z</time></trkpt><trkpt lat="36.7799513" lon="137.791483"><ele>2512.7594538</ele><time>2026-07-18T23:33:58Z</time></trkpt><trkpt lat="36.7801302" lon="137.7914929"><ele>2504.7777925</ele><time>2026-07-18T23:35:37Z</time></trkpt><trkpt lat="36.7803077" lon="137.7915273"><ele>2497.7489065</ele><time>2026-07-18T23:38:03Z</time></trkpt><trkpt lat="36.7804863" lon="137.7915479"><ele>2492.6796228</ele><time>2026-07-18T23:38:34Z</time></trkpt><trkpt lat="36.7806582" lon="137.7915633"><ele>2487.5436688</ele><time>2026-07-18T23:39:08Z</time></trkpt><trkpt lat="36.7808263" lon="137.7914866"><ele>2482.1023789</ele><time>2026-07-18T23:39:43Z</time></trkpt><trkpt lat="36.7810009" lon="137.7914819"><ele>2476.2982185</ele><time>2026-07-18T23:40:12Z</time></trkpt><trkpt lat="36.7811669" lon="137.7915692"><ele>2471.7806604</ele><time>2026-07-18T23:40:38Z</time></trkpt><trkpt lat="36.7813354" lon="137.7916479"><ele>2468.3532543</ele><time>2026-07-18T23:41:06Z</time></trkpt><trkpt lat="36.7815037" lon="137.7917227"><ele>2465.0713459</ele><time>2026-07-18T23:41:37Z</time></trkpt><trkpt lat="36.7816566" lon="137.791839"><ele>2462.7696384</ele><time>2026-07-18T23:42:00Z</time></trkpt><trkpt lat="36.7818283" lon="137.7919067"><ele>2460.5663791</ele><time>2026-07-18T23:42:21Z</time></trkpt><trkpt lat="36.7820035" lon="137.7919586"><ele>2458.4493075</ele><time>2026-07-18T23:42:44Z</time></trkpt><trkpt lat="36.7821764" lon="137.7920146"><ele>2456.3267198</ele><time>2026-07-18T23:43:03Z</time></trkpt><trkpt lat="36.7823548" lon="137.7920012"><ele>2454.0529355</ele><time>2026-07-18T23:43:22Z</time></trkpt><trkpt lat="36.7825206" lon="137.7920888"><ele>2452.7564973</ele><time>2026-07-18T23:43:45Z</time></trkpt><trkpt lat="36.7826819" lon="137.7921869"><ele>2449.9909816</ele><time>2026-07-18T23:44:10Z</time></trkpt><trkpt lat="36.782862" lon="137.7921835"><ele>2445.9322388</ele><time>2026-07-18T23:44:33Z</time></trkpt><trkpt lat="36.7830405" lon="137.792153"><ele>2441.9318422</ele><time>2026-07-18T23:46:33Z</time></trkpt><trkpt lat="36.7832206" lon="137.7921628"><ele>2437.9327945</ele><time>2026-07-18T23:47:00Z</time></trkpt><trkpt lat="36.7834002" lon="137.7921802"><ele>2436.86151</ele><time>2026-07-18T23:47:25Z</time></trkpt><trkpt lat="36.7835644" lon="137.792272"><ele>2435.2672811</ele><time>2026-07-18T23:47:44Z</time></trkpt><trkpt lat="36.7837409" lon="137.7923147"><ele>2432.8783357</ele><time>2026-07-18T23:48:04Z</time></trkpt><trkpt lat="36.783896" lon="137.7924249"><ele>2431.3085621</ele><time>2026-07-18T23:49:16Z</time></trkpt><trkpt lat="36.7840617" lon="137.7925117"><ele>2431.2968622</ele><time>2026-07-18T23:49:41Z</time></trkpt><trkpt lat="36.7842311" lon="137.792588"><ele>2433.4679357</ele><time>2026-07-18T23:50:01Z</time></trkpt><trkpt lat="36.7844038" lon="137.7926522"><ele>2435.8290755</ele><time>2026-07-18T23:50:27Z</time></trkpt><trkpt lat="36.7845661" lon="137.7927477"><ele>2436.0011205</ele><time>2026-07-18T23:50:46Z</time></trkpt><trkpt lat="36.7846949" lon="137.7929005"><ele>2434.503663</ele><time>2026-07-18T23:51:10Z</time></trkpt><trkpt lat="36.7847137" lon="137.7931096"><ele>2431.9186884</ele><time>2026-07-18T23:51:36Z</time></trkpt><trkpt lat="36.7848327" lon="137.7932322"><ele>2427.5956594</ele><time>2026-07-18T23:52:06Z</time></trkpt><trkpt lat="36.785001" lon="137.7933123"><ele>2421.8873413</ele><time>2026-07-18T23:52:34Z</time></trkpt><trkpt lat="36.7851463" lon="137.7934393"><ele>2415.666131</ele><time>2026-07-18T23:53:01Z</time></trkpt><trkpt lat="36.7853096" lon="137.793519"><ele>2410.1737806</ele><time>2026-07-18T23:53:28Z</time></trkpt><trkpt lat="36.7854867" lon="137.7935596"><ele>2405.2117601</ele><time>2026-07-18T23:53:52Z</time></trkpt><trkpt lat="36.785664" lon="137.7935999"><ele>2401.1337876</ele><time>2026-07-18T23:54:18Z</time></trkpt><trkpt lat="36.7858412" lon="137.7936408"><ele>2397.7181578</ele><time>2026-07-18T23:54:41Z</time></trkpt><trkpt lat="36.7860087" lon="137.7937171"><ele>2393.7580815</ele><time>2026-07-18T23:55:02Z</time></trkpt><trkpt lat="36.7861665" lon="137.7938251"><ele>2390.5684018</ele><time>2026-07-18T23:55:20Z</time></trkpt><trkpt lat="36.786295" lon="137.7939744"><ele>2388.9144274</ele><time>2026-07-18T23:55:35Z</time></trkpt><trkpt lat="36.7863871" lon="137.7941664"><ele>2387.2970625</ele><time>2026-07-18T23:55:52Z</time></trkpt><trkpt lat="36.7864546" lon="137.7943733"><ele>2385.0773969</ele><time>2026-07-18T23:56:09Z</time></trkpt><trkpt lat="36.7865039" lon="137.7945888"><ele>2383.1417836</ele><time>2026-07-18T23:56:27Z</time></trkpt><trkpt lat="36.7865507" lon="137.7948051"><ele>2381.7434922</ele><time>2026-07-18T23:56:44Z</time></trkpt><trkpt lat="36.7865847" lon="137.7949485"><ele>2380.9303586</ele><time>2026-07-18T23:56:55Z</time></trkpt><trkpt lat="36.7866844" lon="137.7951384"><ele>2379.9900705</ele><time>2026-07-19T00:26:18Z</time></trkpt><trkpt lat="36.7867132" lon="137.7953596"><ele>2378.8676839</ele><time>2026-07-19T00:26:44Z</time></trkpt><trkpt lat="36.786727" lon="137.795583"><ele>2377.0490347</ele><time>2026-07-19T00:27:06Z</time></trkpt><trkpt lat="36.7867627" lon="137.7958026"><ele>2373.967426</ele><time>2026-07-19T00:27:29Z</time></trkpt><trkpt lat="36.7867713" lon="137.7960261"><ele>2374.0440001</ele><time>2026-07-19T00:28:02Z</time></trkpt><trkpt lat="36.7866932" lon="137.796225"><ele>2376.3121644</ele><time>2026-07-19T00:28:33Z</time></trkpt><trkpt lat="36.7865602" lon="137.7963739"><ele>2378.1588957</ele><time>2026-07-19T00:29:32Z</time></trkpt><trkpt lat="36.7864326" lon="137.7965319"><ele>2379.4256919</ele><time>2026-07-19T00:30:04Z</time></trkpt><trkpt lat="36.7863459" lon="137.7967266"><ele>2381.2976801</ele><time>2026-07-19T00:30:41Z</time></trkpt><trkpt lat="36.7862756" lon="137.7969328"><ele>2381.8517034</ele><time>2026-07-19T00:31:22Z</time></trkpt><trkpt lat="36.7862353" lon="137.7971505"><ele>2382.0420081</ele><time>2026-07-19T00:32:08Z</time></trkpt><trkpt lat="36.7862622" lon="137.7973687"><ele>2381.1704854</ele><time>2026-07-19T00:32:53Z</time></trkpt><trkpt lat="36.7862752" lon="137.7975914"><ele>2380.0969483</ele><time>2026-07-19T00:33:27Z</time></trkpt><trkpt lat="36.7862912" lon="137.7978144"><ele>2380.3048015</ele><time>2026-07-19T00:33:55Z</time></trkpt><trkpt lat="36.7862603" lon="137.798032"><ele>2380.0480812</ele><time>2026-07-19T00:34:22Z</time></trkpt><trkpt lat="36.7862325" lon="137.7982528"><ele>2379.7236166</ele><time>2026-07-19T00:35:09Z</time></trkpt><trkpt lat="36.7861851" lon="137.7984678"><ele>2379.6384922</ele><time>2026-07-19T00:35:47Z</time></trkpt><trkpt lat="36.7860771" lon="137.7986402"><ele>2381.1134754</ele><time>2026-07-19T00:36:19Z</time></trkpt><trkpt lat="36.7859395" lon="137.7987847"><ele>2385.7541583</ele><time>2026-07-19T00:36:55Z</time></trkpt><trkpt lat="36.7857824" lon="137.7988906"><ele>2390.2275582</ele><time>2026-07-19T00:38:00Z</time></trkpt><trkpt lat="36.7856116" lon="137.7989607"><ele>2393.7327616</ele><time>2026-07-19T00:38:57Z</time></trkpt><trkpt lat="36.7854581" lon="137.7990696"><ele>2398.5608242</ele><time>2026-07-19T00:39:44Z</time></trkpt><trkpt lat="36.7853041" lon="137.7991833"><ele>2402.7179847</ele><time>2026-07-19T00:40:28Z</time></trkpt><trkpt lat="36.785143" lon="137.7992836"><ele>2406.0630378</ele><time>2026-07-19T00:41:06Z</time></trkpt><trkpt lat="36.7849804" lon="137.7993799"><ele>2409.0063087</ele><time>2026-07-19T00:41:39Z</time></trkpt><trkpt lat="36.7848183" lon="137.7994776"><ele>2411.4399999</ele><time>2026-07-19T00:42:37Z</time></trkpt><trkpt lat="36.7846472" lon="137.7995197"><ele>2410.7420696</ele><time>2026-07-19T00:43:35Z</time></trkpt><trkpt lat="36.7844696" lon="137.7995433"><ele>2406.2012587</ele><time>2026-07-19T00:44:10Z</time></trkpt><trkpt lat="36.7843106" lon="137.7996383"><ele>2407.3343982</ele><time>2026-07-19T00:44:38Z</time></trkpt><trkpt lat="36.7841603" lon="137.7997612"><ele>2413.1282685</ele><time>2026-07-19T00:45:11Z</time></trkpt><trkpt lat="36.7839938" lon="137.7998388"><ele>2417.7418672</ele><time>2026-07-19T00:45:50Z</time></trkpt><trkpt lat="36.7838202" lon="137.7998974"><ele>2422.2228676</ele><time>2026-07-19T00:46:29Z</time></trkpt><trkpt lat="36.7836583" lon="137.7999925"><ele>2426.634963</ele><time>2026-07-19T00:47:29Z</time></trkpt><trkpt lat="36.7835128" lon="137.8001237"><ele>2430.9075321</ele><time>2026-07-19T00:48:28Z</time></trkpt><trkpt lat="36.7833728" lon="137.8002646"><ele>2434.7908338</ele><time>2026-07-19T00:48:59Z</time></trkpt><trkpt lat="36.7832252" lon="137.8003927"><ele>2438.5059576</ele><time>2026-07-19T00:50:04Z</time></trkpt><trkpt lat="36.783102" lon="137.8005452"><ele>2441.0482987</ele><time>2026-07-19T00:51:19Z</time></trkpt><trkpt lat="36.7829894" lon="137.8007073"><ele>2442.6733072</ele><time>2026-07-19T00:51:49Z</time></trkpt><trkpt lat="36.7828332" lon="137.8008186"><ele>2444.6528629</ele><time>2026-07-19T00:52:20Z</time></trkpt><trkpt lat="36.7827039" lon="137.8009663"><ele>2446.40405</ele><time>2026-07-19T00:52:51Z</time></trkpt><trkpt lat="36.7826215" lon="137.8011653"><ele>2447.8332096</ele><time>2026-07-19T00:53:18Z</time></trkpt><trkpt lat="36.7825501" lon="137.801371"><ele>2449.1885476</ele><time>2026-07-19T00:53:48Z</time></trkpt><trkpt lat="36.7825154" lon="137.8015793"><ele>2449.7702309</ele><time>2026-07-19T00:55:03Z</time></trkpt><trkpt lat="36.7825769" lon="137.8017897"><ele>2448.7639839</ele><time>2026-07-19T00:57:51Z</time></trkpt><trkpt lat="36.7826227" lon="137.8020062"><ele>2447.1986821</ele><time>2026-07-19T00:58:21Z</time></trkpt><trkpt lat="36.7826502" lon="137.8022274"><ele>2446.1592911</ele><time>2026-07-19T00:58:52Z</time></trkpt><trkpt lat="36.7826656" lon="137.8024495"><ele>2445.6837285</ele><time>2026-07-19T00:59:23Z</time></trkpt><trkpt lat="36.7827196" lon="137.8026627"><ele>2445.211707</ele><time>2026-07-19T01:00:00Z</time></trkpt><trkpt lat="36.7827477" lon="137.802884"><ele>2445.0792514</ele><time>2026-07-19T01:00:28Z</time></trkpt><trkpt lat="36.7827917" lon="137.8031006"><ele>2444.719541</ele><time>2026-07-19T01:00:57Z</time></trkpt><trkpt lat="36.7828697" lon="137.8033021"><ele>2443.8876439</ele><time>2026-07-19T01:01:27Z</time></trkpt><trkpt lat="36.7829226" lon="137.8035161"><ele>2442.6404705</ele><time>2026-07-19T01:01:59Z</time></trkpt><trkpt lat="36.7829999" lon="137.8037167"><ele>2441.5034234</ele><time>2026-07-19T01:02:27Z</time></trkpt><trkpt lat="36.7831443" lon="137.8038501"><ele>2440.413015</ele><time>2026-07-19T01:02:53Z</time></trkpt><trkpt lat="36.7832382" lon="137.80404"><ele>2438.3082838</ele><time>2026-07-19T01:03:27Z</time></trkpt><trkpt lat="36.7831888" lon="137.8042555"><ele>2436.9488388</ele><time>2026-07-19T01:04:09Z</time></trkpt><trkpt lat="36.7830638" lon="137.8044165"><ele>2433.1469798</ele><time>2026-07-19T01:04:53Z</time></trkpt><trkpt lat="36.7829423" lon="137.804582"><ele>2424.9917207</ele><time>2026-07-19T01:06:15Z</time></trkpt><trkpt lat="36.7827678" lon="137.8045487"><ele>2419.7092865</ele><time>2026-07-19T01:07:06Z</time></trkpt><trkpt lat="36.7827532" lon="137.8047602"><ele>2409.6537244</ele><time>2026-07-19T01:08:56Z</time></trkpt><trkpt lat="36.7826596" lon="137.8049484"><ele>2398.7196397</ele><time>2026-07-19T01:10:10Z</time></trkpt><trkpt lat="36.7826043" lon="137.8051606"><ele>2389.7667111</ele><time>2026-07-19T01:11:44Z</time></trkpt><trkpt lat="36.7826138" lon="137.8053829"><ele>2385.2638503</ele><time>2026-07-19T01:12:23Z</time></trkpt><trkpt lat="36.7827142" lon="137.8055647"><ele>2382.0507581</ele><time>2026-07-19T01:12:58Z</time></trkpt><trkpt lat="36.7828534" lon="137.8057058"><ele>2377.3517837</ele><time>2026-07-19T01:13:51Z</time></trkpt><trkpt lat="36.7830045" lon="137.8058277"><ele>2371.9666944</ele><time>2026-07-19T01:15:20Z</time></trkpt><trkpt lat="36.7831067" lon="137.8060084"><ele>2361.9443306</ele><time>2026-07-19T01:16:53Z</time></trkpt><trkpt lat="36.7831601" lon="137.806221"><ele>2354.1160813</ele><time>2026-07-19T01:18:31Z</time></trkpt><trkpt lat="36.783186" lon="137.8064425"><ele>2339.8934998</ele><time>2026-07-19T01:19:53Z</time></trkpt><trkpt lat="36.7832674" lon="137.8066379"><ele>2326.3763609</ele><time>2026-07-19T01:21:20Z</time></trkpt><trkpt lat="36.7832686" lon="137.8068517"><ele>2317.1454546</ele><time>2026-07-19T01:22:41Z</time></trkpt><trkpt lat="36.7833151" lon="137.8070621"><ele>2306.4351184</ele><time>2026-07-19T01:23:50Z</time></trkpt><trkpt lat="36.7833179" lon="137.8072808"><ele>2296.1221989</ele><time>2026-07-19T01:25:21Z</time></trkpt><trkpt lat="36.7832817" lon="137.8074999"><ele>2288.1395113</ele><time>2026-07-19T01:26:45Z</time></trkpt><trkpt lat="36.7832716" lon="137.8077222"><ele>2279.5669165</ele><time>2026-07-19T01:28:09Z</time></trkpt><trkpt lat="36.7832295" lon="137.8079371"><ele>2270.2990854</ele><time>2026-07-19T01:29:06Z</time></trkpt><trkpt lat="36.7832018" lon="137.8081569"><ele>2260.5422193</ele><time>2026-07-19T01:29:58Z</time></trkpt><trkpt lat="36.7831784" lon="137.808379"><ele>2252.2547379</ele><time>2026-07-19T01:31:08Z</time></trkpt><trkpt lat="36.783179" lon="137.8086017"><ele>2245.1776575</ele><time>2026-07-19T01:32:09Z</time></trkpt><trkpt lat="36.7831641" lon="137.8088236"><ele>2237.5970292</ele><time>2026-07-19T01:32:53Z</time></trkpt><trkpt lat="36.783152" lon="137.8090466"><ele>2229.6891224</ele><time>2026-07-19T01:34:39Z</time></trkpt><trkpt lat="36.7830498" lon="137.8092007"><ele>2225.4982136</ele><time>2026-07-19T01:35:53Z</time></trkpt><trkpt lat="36.7830471" lon="137.8093745"><ele>2221.1057123</ele><time>2026-07-19T01:36:57Z</time></trkpt><trkpt lat="36.7831181" lon="137.8095804"><ele>2215.3076065</ele><time>2026-07-19T01:37:56Z</time></trkpt><trkpt lat="36.7831158" lon="137.8097934"><ele>2210.9285517</ele><time>2026-07-19T01:38:44Z</time></trkpt><trkpt lat="36.7830963" lon="137.8100142"><ele>2208.2321601</ele><time>2026-07-19T01:39:37Z</time></trkpt><trkpt lat="36.7830834" lon="137.8102373"><ele>2206.4844632</ele><time>2026-07-19T01:40:16Z</time></trkpt><trkpt lat="36.7830416" lon="137.8104542"><ele>2204.7853129</ele><time>2026-07-19T01:40:38Z</time></trkpt><trkpt lat="36.7829356" lon="137.8106205"><ele>2203.9056445</ele><time>2026-07-19T01:40:57Z</time></trkpt><trkpt lat="36.7828173" lon="137.8107811"><ele>2203.8356299</ele><time>2026-07-19T01:41:16Z</time></trkpt><trkpt lat="36.7827418" lon="137.8109839"><ele>2203.4585304</ele><time>2026-07-19T01:41:33Z</time></trkpt><trkpt lat="36.782641" lon="137.8111528"><ele>2202.4566491</ele><time>2026-07-19T01:41:48Z</time></trkpt><trkpt lat="36.7824862" lon="137.8112669"><ele>2200.9878</ele><time>2026-07-19T01:42:03Z</time></trkpt><trkpt lat="36.782332" lon="137.8113813"><ele>2199.1733018</ele><time>2026-07-19T01:42:25Z</time></trkpt><trkpt lat="36.7821946" lon="137.8115091"><ele>2197.9048865</ele><time>2026-07-19T01:42:53Z</time></trkpt><trkpt lat="36.7821185" lon="137.8117115"><ele>2197.7254855</ele><time>2026-07-19T01:43:09Z</time></trkpt><trkpt lat="36.7820725" lon="137.8119268"><ele>2197.9007658</ele><time>2026-07-19T01:43:24Z</time></trkpt><trkpt lat="36.7820582" lon="137.8121501"><ele>2198.1072838</ele><time>2026-07-19T01:43:38Z</time></trkpt><trkpt lat="36.7820485" lon="137.8123735"><ele>2197.6940817</ele><time>2026-07-19T01:43:52Z</time></trkpt><trkpt lat="36.7820644" lon="137.8125964"><ele>2197.0304674</ele><time>2026-07-19T01:44:06Z</time></trkpt><trkpt lat="36.7821042" lon="137.8128139"><ele>2196.7783661</ele><time>2026-07-19T01:44:41Z</time></trkpt><trkpt lat="36.7820726" lon="137.8130288"><ele>2197.7568991</ele><time>2026-07-19T01:49:20Z</time></trkpt><trkpt lat="36.7819092" lon="137.8131232"><ele>2197.7249647</ele><time>2026-07-19T01:49:42Z</time></trkpt><trkpt lat="36.7817667" lon="137.8132603"><ele>2196.5535615</ele><time>2026-07-19T01:50:02Z</time></trkpt><trkpt lat="36.7817525" lon="137.8134814"><ele>2195.4633916</ele><time>2026-07-19T01:50:24Z</time></trkpt><trkpt lat="36.7816564" lon="137.8136686"><ele>2191.6904108</ele><time>2026-07-19T01:51:10Z</time></trkpt><trkpt lat="36.7816065" lon="137.8138826"><ele>2185.595265</ele><time>2026-07-19T01:51:51Z</time></trkpt><trkpt lat="36.7816389" lon="137.8141003"><ele>2180.1748505</ele><time>2026-07-19T01:52:58Z</time></trkpt><trkpt lat="36.7815262" lon="137.8142581"><ele>2175.0111209</ele><time>2026-07-19T01:53:31Z</time></trkpt><trkpt lat="36.7814452" lon="137.8144557"><ele>2170.9013363</ele><time>2026-07-19T01:53:55Z</time></trkpt><trkpt lat="36.7813229" lon="137.8146163"><ele>2165.6467438</ele><time>2026-07-19T01:54:29Z</time></trkpt><trkpt lat="36.7811512" lon="137.8146501"><ele>2161.3689092</ele><time>2026-07-19T01:54:59Z</time></trkpt><trkpt lat="36.7809722" lon="137.81463"><ele>2158.3270434</ele><time>2026-07-19T01:55:24Z</time></trkpt><trkpt lat="36.7807976" lon="137.8146711"><ele>2154.3144676</ele><time>2026-07-19T01:55:52Z</time></trkpt><trkpt lat="36.7806919" lon="137.8148366"><ele>2149.3482821</ele><time>2026-07-19T01:56:21Z</time></trkpt><trkpt lat="36.7806133" lon="137.8150382"><ele>2144.2959384</ele><time>2026-07-19T01:56:49Z</time></trkpt><trkpt lat="36.7805334" lon="137.8152389"><ele>2140.3341293</ele><time>2026-07-19T01:57:15Z</time></trkpt><trkpt lat="36.7803944" lon="137.8153654"><ele>2136.6431614</ele><time>2026-07-19T01:57:50Z</time></trkpt><trkpt lat="36.7802195" lon="137.8153959"><ele>2132.8583787</ele><time>2026-07-19T01:58:35Z</time></trkpt><trkpt lat="36.7800395" lon="137.8154051"><ele>2128.6997818</ele><time>2026-07-19T01:59:21Z</time></trkpt><trkpt lat="36.7798647" lon="137.8153643"><ele>2125.2050473</ele><time>2026-07-19T02:00:20Z</time></trkpt><trkpt lat="36.7796897" lon="137.8153113"><ele>2121.5627659</ele><time>2026-07-19T02:01:40Z</time></trkpt><trkpt lat="36.7795366" lon="137.8152026"><ele>2117.7132359</ele><time>2026-07-19T02:02:28Z</time></trkpt><trkpt lat="36.7793872" lon="137.8150777"><ele>2113.213984</ele><time>2026-07-19T02:02:59Z</time></trkpt><trkpt lat="36.7792194" lon="137.8150683"><ele>2105.8428758</ele><time>2026-07-19T02:03:36Z</time></trkpt><trkpt lat="36.7791061" lon="137.8152136"><ele>2098.6107032</ele><time>2026-07-19T02:04:14Z</time></trkpt><trkpt lat="36.779" lon="137.8153911"><ele>2090.162125</ele><time>2026-07-19T02:04:57Z</time></trkpt><trkpt lat="36.7789766" lon="137.8155869"><ele>2083.3659272</ele><time>2026-07-19T02:05:37Z</time></trkpt><trkpt lat="36.7789757" lon="137.8158062"><ele>2078.0733912</ele><time>2026-07-19T02:06:11Z</time></trkpt><trkpt lat="36.7789309" lon="137.8160227"><ele>2072.0680894</ele><time>2026-07-19T02:06:50Z</time></trkpt><trkpt lat="36.7788336" lon="137.8162014"><ele>2063.8037429</ele><time>2026-07-19T02:07:31Z</time></trkpt><trkpt lat="36.7788233" lon="137.8163598"><ele>2057.45577</ele><time>2026-07-19T02:08:10Z</time></trkpt><trkpt lat="36.7789359" lon="137.8165345"><ele>2055.8535203</ele><time>2026-07-19T02:08:42Z</time></trkpt><trkpt lat="36.7789986" lon="137.8167345"><ele>2050.7422332</ele><time>2026-07-19T02:09:27Z</time></trkpt><trkpt lat="36.7790379" lon="137.8169488"><ele>2045.2937271</ele><time>2026-07-19T02:10:18Z</time></trkpt><trkpt lat="36.7790152" lon="137.817061"><ele>2040.6111573</ele><time>2026-07-19T02:10:56Z</time></trkpt><trkpt lat="36.7788381" lon="137.8170226"><ele>2032.715512</ele><time>2026-07-19T02:11:31Z</time></trkpt><trkpt lat="36.7786729" lon="137.8169402"><ele>2029.1011086</ele><time>2026-07-19T02:12:02Z</time></trkpt><trkpt lat="36.7785137" lon="137.8168497"><ele>2027.5098834</ele><time>2026-07-19T02:12:35Z</time></trkpt><trkpt lat="36.7783343" lon="137.816829"><ele>2021.9687232</ele><time>2026-07-19T02:13:07Z</time></trkpt><trkpt lat="36.7781548" lon="137.8168088"><ele>2015.7573055</ele><time>2026-07-19T02:13:41Z</time></trkpt><trkpt lat="36.7779753" lon="137.8167978"><ele>2009.8147597</ele><time>2026-07-19T02:14:13Z</time></trkpt><trkpt lat="36.7778298" lon="137.8168676"><ele>2002.3108396</ele><time>2026-07-19T02:15:06Z</time></trkpt><trkpt lat="36.7777899" lon="137.8170847"><ele>1994.9360569</ele><time>2026-07-19T02:16:22Z</time></trkpt><trkpt lat="36.7777998" lon="137.8173056"><ele>1989.0917071</ele><time>2026-07-19T02:17:07Z</time></trkpt><trkpt lat="36.7778641" lon="137.8175147"><ele>1984.1690098</ele><time>2026-07-19T02:18:00Z</time></trkpt><trkpt lat="36.7779329" lon="137.8177208"><ele>1979.4029824</ele><time>2026-07-19T02:18:50Z</time></trkpt><trkpt lat="36.7779416" lon="137.8179308"><ele>1973.110265</ele><time>2026-07-19T02:19:41Z</time></trkpt><trkpt lat="36.7778089" lon="137.8180568"><ele>1966.5810646</ele><time>2026-07-19T02:20:38Z</time></trkpt><trkpt lat="36.7776358" lon="137.8179946"><ele>1963.9516679</ele><time>2026-07-19T02:21:09Z</time></trkpt><trkpt lat="36.7774638" lon="137.8179279"><ele>1961.6584015</ele><time>2026-07-19T02:21:38Z</time></trkpt><trkpt lat="36.7772878" lon="137.8178976"><ele>1957.8053492</ele><time>2026-07-19T02:22:08Z</time></trkpt><trkpt lat="36.7771198" lon="137.8179786"><ele>1951.3096601</ele><time>2026-07-19T02:22:44Z</time></trkpt><trkpt lat="36.7769494" lon="137.8180483"><ele>1945.6892886</ele><time>2026-07-19T02:23:16Z</time></trkpt><trkpt lat="36.7768035" lon="137.8181797"><ele>1940.4526853</ele><time>2026-07-19T02:23:46Z</time></trkpt><trkpt lat="36.7766582" lon="137.8183123"><ele>1936.2249369</ele><time>2026-07-19T02:24:15Z</time></trkpt><trkpt lat="36.7765019" lon="137.8184234"><ele>1932.5977028</ele><time>2026-07-19T02:24:40Z</time></trkpt><trkpt lat="36.7763789" lon="137.8185871"><ele>1928.6854023</ele><time>2026-07-19T02:25:13Z</time></trkpt><trkpt lat="36.7762441" lon="137.8187359"><ele>1927.264526</ele><time>2026-07-19T02:25:36Z</time></trkpt><trkpt lat="36.7760918" lon="137.8188553"><ele>1923.4329668</ele><time>2026-07-19T02:26:00Z</time></trkpt><trkpt lat="36.7759537" lon="137.818999"><ele>1921.0842766</ele><time>2026-07-19T02:26:20Z</time></trkpt><trkpt lat="36.7758648" lon="137.8191926"><ele>1917.1286966</ele><time>2026-07-19T02:26:55Z</time></trkpt><trkpt lat="36.7757728" lon="137.8193851"><ele>1914.0162037</ele><time>2026-07-19T02:27:29Z</time></trkpt><trkpt lat="36.7756849" lon="137.8195807"><ele>1911.2977012</ele><time>2026-07-19T02:27:54Z</time></trkpt><trkpt lat="36.775553" lon="137.8197307"><ele>1906.7822273</ele><time>2026-07-19T02:28:14Z</time></trkpt><trkpt lat="36.7753908" lon="137.8196861"><ele>1899.8692163</ele><time>2026-07-19T02:29:31Z</time></trkpt><trkpt lat="36.7752187" lon="137.8197187"><ele>1889.7456569</ele><time>2026-07-19T02:30:56Z</time></trkpt><trkpt lat="36.7750544" lon="137.8196671"><ele>1879.2500361</ele><time>2026-07-19T02:31:42Z</time></trkpt><trkpt lat="36.7749582" lon="137.8194929"><ele>1873.3816519</ele><time>2026-07-19T02:32:03Z</time></trkpt><trkpt lat="36.7749979" lon="137.8192969"><ele>1872.0783543</ele><time>2026-07-19T02:32:20Z</time></trkpt><trkpt lat="36.7750593" lon="137.8190898"><ele>1870.2642306</ele><time>2026-07-19T02:32:42Z</time></trkpt><trkpt lat="36.7749886" lon="137.8189218"><ele>1863.0166337</ele><time>2026-07-19T02:33:13Z</time></trkpt><trkpt lat="36.7748269" lon="137.8188329"><ele>1856.8960405</ele><time>2026-07-19T02:33:41Z</time></trkpt><trkpt lat="36.7746537" lon="137.8188459"><ele>1854.0113033</ele><time>2026-07-19T02:33:59Z</time></trkpt><trkpt lat="36.7744797" lon="137.8189033"><ele>1850.5282397</ele><time>2026-07-19T02:34:15Z</time></trkpt><trkpt lat="36.7743131" lon="137.8188738"><ele>1848.4179759</ele><time>2026-07-19T02:34:33Z</time></trkpt><trkpt lat="36.7742173" lon="137.8187127"><ele>1848.5315889</ele><time>2026-07-19T02:34:53Z</time></trkpt><trkpt lat="36.7741318" lon="137.8185483"><ele>1849.9143344</ele><time>2026-07-19T02:35:12Z</time></trkpt><trkpt lat="36.7739806" lon="137.8184311"><ele>1851.9133838</ele><time>2026-07-19T02:35:37Z</time></trkpt><trkpt lat="36.7738308" lon="137.8183738"><ele>1853.5083478</ele><time>2026-07-19T02:36:12Z</time></trkpt><trkpt lat="36.7736808" lon="137.8184835"><ele>1853.5459952</ele><time>2026-07-19T02:36:42Z</time></trkpt><trkpt lat="36.773562" lon="137.8186519"><ele>1852.4489595</ele><time>2026-07-19T02:37:01Z</time></trkpt><trkpt lat="36.7734409" lon="137.8188178"><ele>1850.8755004</ele><time>2026-07-19T02:37:23Z</time></trkpt><trkpt lat="36.7733547" lon="137.818999"><ele>1848.2879912</ele><time>2026-07-19T02:37:42Z</time></trkpt><trkpt lat="36.773405" lon="137.8191771"><ele>1846.3495744</ele><time>2026-07-19T02:38:03Z</time></trkpt><trkpt lat="36.7735783" lon="137.8192169"><ele>1846.128503</ele><time>2026-07-19T02:38:18Z</time></trkpt><trkpt lat="36.7737563" lon="137.8192033"><ele>1845.3539843</ele><time>2026-07-19T02:38:35Z</time></trkpt><trkpt lat="36.7738941" lon="137.8192886"><ele>1843.7063871</ele><time>2026-07-19T02:38:52Z</time></trkpt><trkpt lat="36.7739025" lon="137.8195113"><ele>1842.5594019</ele><time>2026-07-19T02:39:08Z</time></trkpt><trkpt lat="36.773877" lon="137.819733"><ele>1843.5021198</ele><time>2026-07-19T02:39:23Z</time></trkpt><trkpt lat="36.7738439" lon="137.8199531"><ele>1843.2356726</ele><time>2026-07-19T02:39:40Z</time></trkpt><trkpt lat="36.7738227" lon="137.8201756"><ele>1841.8767528</ele><time>2026-07-19T02:39:57Z</time></trkpt><trkpt lat="36.7737992" lon="137.8203976"><ele>1838.6849891</ele><time>2026-07-19T02:40:12Z</time></trkpt><trkpt lat="36.7737931" lon="137.8206215"><ele>1837.4476586</ele><time>2026-07-19T02:40:27Z</time></trkpt><trkpt lat="36.7737993" lon="137.8208451"><ele>1837.8105337</ele><time>2026-07-19T02:40:43Z</time></trkpt><trkpt lat="36.7737518" lon="137.821061"><ele>1834.9866594</ele><time>2026-07-19T02:40:59Z</time></trkpt><trkpt lat="36.7737968" lon="137.8212779"><ele>1833.8259735</ele><time>2026-07-19T02:41:15Z</time></trkpt><trkpt lat="36.773963" lon="137.8213576"><ele>1833.1843784</ele><time>2026-07-19T02:41:31Z</time></trkpt><trkpt lat="36.7740911" lon="137.8215142"><ele>1830.3165614</ele><time>2026-07-19T02:41:48Z</time></trkpt><trkpt lat="36.773963" lon="137.8216588"><ele>1827.7711631</ele><time>2026-07-19T02:42:09Z</time></trkpt><trkpt lat="36.7737867" lon="137.8216375"><ele>1827.2733206</ele><time>2026-07-19T02:42:24Z</time></trkpt><trkpt lat="36.7736301" lon="137.8214933"><ele>1827.5104299</ele><time>2026-07-19T02:42:43Z</time></trkpt></trkseg></trk></gpx>